,date,open,high,low,close,volume
1008,2012-01-03,45.67,46.13,43.94,4.729652286268864,402336
1009,2012-01-04,43.99,44.68,43.23,4.780139149192925,455202
1010,2012-01-05,44.14,45.52,43.48,4.874667743603931,271429
1011,2012-01-06,45.42,46.18,44.98,4.930525549392252,199144
1012,2012-01-09,46.31,46.32,45.25,4.916561097945173,292980
1013,2012-01-10,46.93,47.05,46.06,5.015386446647588,248533
1014,2012-01-11,46.22,46.61,45.54,4.918709475090877,191448
1015,2012-01-12,45.88,46.23,44.8,4.88326125218675,452467
1016,2012-01-13,44.97,45.78,44.93,4.8735935550310785,275169
1017,2012-01-17,45.54,45.54,44.18,4.77369401775581,371735
1018,2012-01-18,44.52,45.62,44.23,4.887558006478159,175228
1019,2012-01-19,45.45,45.5,44.7,4.809142240659938,322935
1020,2012-01-20,44.77,45.74,44.69,4.89722570363383,206657
1021,2012-01-23,45.48,45.92,45.4,4.909041777935206,395277
1022,2012-01-24,45.45,46.04,44.85,4.907967589362353,312922
1023,2012-01-25,45.48,47.8,45.28,5.103469909621479,555351
1024,2012-01-26,47.75,48.13,47.58,5.148585829681278,303662
1025,2012-01-27,47.55,49.0,47.55,5.253856309820807,274017
1026,2012-01-30,48.45,49.13,47.96,5.263524006976478,392938
1027,2012-01-31,49.34,50.1,48.71,5.37416542998027,506046
1028,2012-02-01,50.09,51.0,49.85,5.467619835818423,360953
1029,2012-02-02,50.83,51.85,50.82,5.566445184520839,381161
1030,2012-02-03,52.46,54.46,51.92,5.829621384869664,528014
1031,2012-02-06,53.82,54.11,52.68,5.680309173243188,692873
1032,2012-02-07,53.02,53.51,52.23,5.687828493253154,275950
1033,2012-02-08,52.95,53.42,52.93,5.734018601885805,410798
1034,2012-02-09,53.34,53.94,53.03,5.7350927904586575,182069
1035,2012-02-10,53.0,53.16,52.64,5.683531738961745,471640
1036,2012-02-13,53.32,53.5,52.84,5.7125348304287575,270843
1037,2012-02-14,53.11,53.67,52.76,5.75013143047859,280707
1038,2012-02-15,53.76,54.15,53.17,5.725425093302985,373649
1039,2012-02-16,53.25,54.0,53.2,5.778060333372751,446297
1040,2012-02-17,52.42,52.92,50.96,5.594374087415,849103
1041,2012-02-21,52.2,53.22,51.56,5.578261258822215,487342
1042,2012-02-22,51.57,51.68,50.33,5.459026327235605,390862
1043,2012-02-23,51.0,51.18,50.58,5.453655384371344,292471
1044,2012-02-24,50.75,50.93,50.12,5.399945955728726,293427
1045,2012-02-27,50.0,50.6,49.68,5.350533281377519,367335
1046,2012-02-28,50.0,50.41,49.41,5.398871767155874,297177
1047,2012-02-29,50.26,50.66,49.64,5.3333462642118805,261462
1048,2012-03-01,49.51,49.96,48.71,5.242040235519432,374409
1049,2012-03-02,48.86,49.17,47.7,5.202295258323895,543547
1050,2012-03-05,48.11,49.01,48.01,5.242040235519432,237381
1051,2012-03-06,48.35,48.68,48.02,5.165772846846916,312737
1052,2012-03-07,48.1,48.85,48.06,5.237743481228022,227054
1053,2012-03-08,49.16,49.54,48.26,5.309714115609129,259665
1054,2012-03-09,49.62,50.38,49.52,5.370942864261713,213180
1055,2012-03-12,50.16,50.42,49.62,5.360200978533189,251770
1056,2012-03-13,50.05,50.12,49.42,5.383833127135941,328189
1057,2012-03-14,49.86,50.14,49.16,5.309714115609129,178122
1058,2012-03-15,49.61,50.22,49.05,5.38812988142735,288677
1059,2012-03-16,49.99,50.0,48.53,5.21840808691668,323005
1060,2012-03-19,48.47,48.76,48.05,5.197998504032486,268374
1061,2012-03-20,48.03,48.1,47.41,5.121731115359969,297966
1062,2012-03-21,47.94,48.48,47.31,5.08520870388299,303016
1063,2012-03-22,47.08,47.92,46.87,5.139992321098459,221164
1064,2012-03-23,47.73,47.73,46.42,5.074466818154467,291043
1065,2012-03-26,48.08,50.89,47.92,5.412836218602955,856859
1066,2012-03-27,50.43,50.75,49.99,5.402094332874431,248130
1067,2012-03-28,50.25,50.86,49.0,5.307565738463424,167720
1068,2012-03-29,49.21,49.57,48.95,5.297898041307754,168277
1069,2012-03-30,50.25,51.0,49.97,5.408539464311545,484623
1070,2012-04-02,50.46,51.19,50.32,5.478361721546947,377087
1071,2012-04-03,50.87,51.23,50.54,5.465471458672719,249494
1072,2012-04-04,50.29,50.34,49.12,5.339791395648995,210965
1073,2012-04-05,49.47,49.96,48.34,5.3290495099204716,361965
1074,2012-04-09,48.75,48.99,48.56,5.256004686966512,197047
1075,2012-04-10,48.92,49.02,47.26,5.120656926787118,460275
1076,2012-04-11,47.86,48.74,47.81,5.145363263962721,431297
1077,2012-04-12,48.58,49.57,48.17,5.2796368355692636,289924
1078,2012-04-13,49.1,49.48,48.75,5.246336989810842,212371
1079,2012-04-16,49.0,49.0,48.19,5.2323725383637605,239671
1080,2012-04-17,49.0,49.2,48.51,5.239891858373728,289245
1081,2012-04-18,48.54,49.06,47.8,5.199072692605338,388938
1082,2012-04-19,48.25,48.6,47.32,5.122805303932822,437006
1083,2012-04-20,48.15,48.17,46.75,5.027202520948963,523406
1084,2012-04-23,46.5,46.72,45.86,4.971344715160642,560464
1085,2012-04-24,46.21,47.21,45.98,4.989605920899131,368523
1086,2012-04-25,47.04,47.98,46.76,5.07124425243591,305365
1087,2012-04-26,47.28,48.45,47.21,5.171143789711177,382032
1088,2012-04-27,45.25,46.5,43.88,4.837071143554099,1599788
1089,2012-04-30,45.0,45.17,42.72,4.639420446149267,726777
1090,2012-05-01,43.51,44.55,42.74,4.596452903235174,675646
1091,2012-05-02,42.54,43.69,42.34,4.660904217606315,540320
1092,2012-05-03,43.14,43.58,43.0,4.645865577586382,388600
1093,2012-05-04,43.46,44.21,43.19,4.735023229133126,728815
1094,2012-05-07,44.03,45.02,44.0,4.752210246298763,460856
1095,2012-05-08,43.92,44.42,43.13,4.762952132027287,582007
1096,2012-05-09,44.1,44.77,43.79,4.787658469202891,757588
1097,2012-05-10,44.85,45.65,44.56,4.871445177885374,473784
1098,2012-05-11,44.95,46.15,44.95,4.950935132276447,491782
1099,2012-05-14,45.73,46.42,45.3,4.933748115110809,568072
1100,2012-05-15,45.69,46.13,45.15,4.886483817905306,682093
1101,2012-05-16,45.59,46.04,45.28,4.874667743603931,317960
1102,2012-05-17,45.25,45.25,43.89,4.719984589113193,645024
1103,2012-05-18,43.82,44.58,43.18,4.651236520450643,478023
1104,2012-05-21,43.48,43.87,42.27,4.69527825193759,667066
1105,2012-05-22,43.94,44.85,43.88,4.788732657775743,351650
1106,2012-05-23,44.13,45.84,44.13,4.909041777935206,473685
1107,2012-05-24,45.89,46.38,44.29,4.800548732077119,463905
1108,2012-05-25,44.84,44.84,44.14,4.786584280630039,371592
1109,2012-05-29,44.96,45.0,44.18,4.831700200689837,252264
1110,2012-05-30,44.71,44.92,43.99,4.730726474841717,220257
1111,2012-05-31,44.04,44.17,42.89,4.703871760520408,296466
1112,2012-06-01,42.88,43.15,41.63,4.481514725939973,541001
1113,2012-06-04,41.73,41.87,40.75,4.398802205830343,558600
1114,2012-06-05,40.65,42.14,40.49,4.5169629488441005,432802
1115,2012-06-06,42.45,42.46,42.12,4.538446720301147,242785
1116,2012-06-07,42.94,43.13,41.86,4.500850120251315,296540
1117,2012-06-08,41.72,42.36,41.25,4.529853211718329,284490
1118,2012-06-11,42.67,42.8,41.71,4.480440537367121,292891
1119,2012-06-12,41.74,42.1,40.6,4.39772801725749,529674
1120,2012-06-13,41.14,41.14,38.11,4.124884119752996,1907075
1121,2012-06-14,38.63,39.45,38.14,4.1495904569286,1025547
1122,2012-06-15,38.53,39.74,38.19,4.257009314213834,413724
1123,2012-06-18,39.34,39.85,38.67,4.158183965511419,348503
1124,2012-06-19,38.7,39.28,38.36,4.1893354341241364,869996
1125,2012-06-20,39.13,39.44,38.44,4.206522451289773,258370
1126,2012-06-21,39.16,39.39,38.2,4.124884119752996,313746
1127,2012-06-22,38.47,38.68,37.84,4.0862133311303115,334135
1128,2012-06-25,37.69,37.96,37.5,4.031429713914842,244531
1129,2012-06-26,37.55,37.91,37.2,4.006723376739237,307109
1130,2012-06-27,37.59,37.59,36.89,3.9895363595736004,474354
1131,2012-06-28,36.96,37.44,36.46,3.9755719081265197,629455
1132,2012-06-29,37.71,38.44,37.27,4.081916576838902,471050
1133,2012-07-02,38.38,38.38,37.58,4.0572102396632985,315317
1134,2012-07-03,37.67,37.9,37.55,4.051839296799036,132885
1135,2012-07-05,37.59,38.96,37.51,4.173222605531351,226817
1136,2012-07-06,38.44,38.82,37.84,4.134551816908667,250225
1137,2012-07-09,38.28,38.78,38.28,4.16355490837568,355879
1138,2012-07-10,38.77,39.29,38.75,4.203299885571217,421563
1139,2012-07-11,39.08,39.62,38.72,4.239822297048196,505177
1140,2012-07-12,39.09,39.94,39.0,4.283864028535143,360728
1141,2012-07-13,39.82,40.39,39.6,4.3193122514392694,278596
1142,2012-07-16,39.98,40.93,39.47,4.350463720051987,335026
1143,2012-07-17,40.6,41.04,40.37,4.384837754383263,318443
1144,2012-07-18,40.75,42.05,40.52,4.4944049888142015,274941
1145,2012-07-19,42.02,42.67,41.67,4.528779023145476,210154
1146,2012-07-20,40.71,41.22,39.9,4.402024771548899,379642
1147,2012-07-23,40.39,40.55,39.81,4.3150154971478605,196213
1148,2012-07-24,40.13,40.27,38.59,4.151738834074304,333500
1149,2012-07-25,38.76,38.99,37.81,4.160332342657123,479926
1150,2012-07-26,39.44,40.02,38.51,4.279567274243734,406528
1151,2012-07-27,39.0,41.98,38.26,4.436398805880175,840753
1152,2012-07-30,41.16,41.45,39.66,4.280641462816585,225492
1153,2012-07-31,39.7,40.1,39.44,4.251638371349572,237906
1154,2012-08-01,39.69,39.92,38.8,4.167851662667089,283664
1155,2012-08-02,38.67,39.3,38.29,4.16355490837568,173842
1156,2012-08-03,39.21,40.11,38.65,4.247341617058162,233384
1157,2012-08-06,39.67,40.47,39.5,4.299976857127928,187481
1158,2012-08-07,40.22,41.56,40.22,4.384837754383263,407976
1159,2012-08-08,40.5,40.73,39.81,4.313941308575007,360760
1160,2012-08-09,40.29,40.56,40.02,4.3214606285849735,197969
1161,2012-08-10,40.27,40.27,39.25,4.2677511999423565,342513
1162,2012-08-13,39.77,40.14,39.35,4.291383348545109,308906
1163,2012-08-14,40.05,40.13,39.26,4.229080411319672,281339
1164,2012-08-15,39.46,40.03,39.23,4.272047954233767,231759
1165,2012-08-16,39.83,40.06,39.51,4.29675429140937,209741
1166,2012-08-17,39.87,40.2,39.07,4.221561091309706,247602
1167,2012-08-20,39.16,39.22,38.46,4.173222605531351,237892
1168,2012-08-21,38.83,39.63,38.68,4.249489994203867,297738
1169,2012-08-22,39.63,40.78,39.42,4.35153790862484,291639
1170,2012-08-23,40.45,40.64,40.01,4.311792931429303,277314
1171,2012-08-24,39.96,40.27,39.75,4.309644554283598,172330
1172,2012-08-27,40.24,40.48,39.97,4.318238062866418,267226
1173,2012-08-28,40.15,40.43,39.54,4.328979948594941,209704
1174,2012-08-29,40.3,41.29,40.08,4.409544091558866,271438
1175,2012-08-30,40.8,41.04,40.2,4.393431262966081,202072
1176,2012-08-31,41.2,41.36,40.58,4.409544091558866,222633
1177,2012-09-04,40.98,41.49,40.29,4.421360165860242,224312
1178,2012-09-05,40.89,41.35,40.64,4.376244245800444,181504
1179,2012-09-06,40.99,41.58,40.99,4.457882577337222,183376
1180,2012-09-07,41.82,42.6,41.42,4.567449811768161,292483
1181,2012-09-10,42.37,43.42,42.36,4.652310709023496,293416
1182,2012-09-11,43.43,43.95,43.2,4.719984589113193,317094
1183,2012-09-12,43.92,44.35,43.6,4.718910400540341,226275
1184,2012-09-13,44.01,44.77,43.32,4.755432812017321,244290
1185,2012-09-14,44.49,45.0,43.47,4.702797571947556,214087
1186,2012-09-17,43.74,43.74,42.92,4.616862486119368,153982
1187,2012-09-18,42.8,43.42,41.96,4.663052594752019,129210
1188,2012-09-19,43.5,44.37,42.66,4.757581189163025,229769
1189,2012-09-20,44.01,44.55,43.65,4.755432812017321,173610
1190,2012-09-21,44.58,44.97,44.15,4.77369401775581,274110
1191,2012-09-24,44.37,45.23,43.93,4.804845486368528,180520
1192,2012-09-25,44.83,45.14,44.0,4.733949040560274,240889
1193,2012-09-26,44.06,44.53,43.74,4.755432812017321,135757
1194,2012-09-27,44.38,45.36,44.01,4.857480726438293,235071
1195,2012-09-28,44.81,45.58,44.28,4.871445177885374,256635
1196,2012-10-01,45.38,45.59,44.93,4.86500004644826,322009
1197,2012-10-02,45.5,45.63,44.79,4.849961406428327,281014
1198,2012-10-03,45.08,45.27,42.62,4.627604371847892,564599
1199,2012-10-04,43.11,43.46,42.1,4.548114417456819,406793
1200,2012-10-05,42.26,42.57,41.09,4.435324617307322,493600
1201,2012-10-08,41.25,41.25,39.89,4.354760474343397,757621
1202,2012-10-09,40.75,40.84,39.8,4.324683194303531,330068
1203,2012-10-10,40.37,41.17,40.19,4.363353982926215,298501
1204,2012-10-11,40.75,40.88,40.43,4.348315342906282,224008
1205,2012-10-12,40.29,40.53,39.64,4.295680102836518,157134
1206,2012-10-15,40.22,40.4,39.6,4.308570365710746,279815
1207,2012-10-16,40.22,40.55,39.92,4.306421988565042,241912
1208,2012-10-17,40.22,40.22,39.63,4.282789839962289,228176
1209,2012-10-18,39.74,40.05,39.37,4.247341617058162,241473
1210,2012-10-19,39.07,39.09,37.0,4.073323068256084,837757
1211,2012-10-22,38.37,38.52,37.15,4.027132959623432,286159
1212,2012-10-23,37.29,38.28,36.8,4.092658462567425,1217309
1213,2012-10-24,38.17,38.61,37.28,4.0572102396632985,685580
1214,2012-10-25,38.17,39.03,38.05,4.111993856878768,477568
1215,2012-10-26,35.53,36.48,31.03,3.4664065245945097,5316675
1216,2012-10-31,32.36,33.12,31.79,3.5577125532869585,862527
1217,2012-11-01,33.13,33.66,32.95,3.601754284773905,923149
1218,2012-11-02,33.76,33.99,33.45,3.604976850492462,421528
1219,2012-11-05,33.65,33.86,32.8,3.5383771589756163,241315
1220,2012-11-06,32.95,33.72,32.78,3.6092736047838714,382886
1221,2012-11-07,33.41,34.74,33.0,3.68661518202924,604092
1222,2012-11-08,34.35,34.76,33.0,3.5695286275883342,234372
1223,2012-11-09,33.18,34.08,33.1,3.5974575304824956,436601
1224,2012-11-12,33.82,34.26,33.66,3.6468702048337036,198007
1225,2012-11-13,33.85,34.26,33.14,3.5759737590254486,361724
1226,2012-11-14,33.46,33.6,32.73,3.5287094618199455,292291
1227,2012-11-15,32.96,33.91,32.82,3.6296831876680655,333299
1228,2012-11-16,33.66,34.01,32.85,3.5996059076281997,319571
1229,2012-11-19,33.86,33.86,32.95,3.571677004734039,323635
1230,2012-11-20,33.28,33.49,32.41,3.5265610846742406,323377
1231,2012-11-21,32.98,33.45,32.8,3.582418890462563,142887
1232,2012-11-23,33.53,33.73,33.31,3.6071252276381665,83106
1233,2012-11-26,33.6,33.61,33.07,3.5910123990453813,180693
1234,2012-11-27,33.46,34.25,33.23,3.643647639115146,257760
1235,2012-11-28,33.88,34.44,33.6,3.673724919155012,363705
1236,2012-11-29,34.23,35.16,34.14,3.757511627837494,271844
1237,2012-11-30,35.0,35.13,34.2,3.6833926163106825,244067
1238,2012-12-03,34.44,34.71,33.91,3.6919861248935013,152506
1239,2012-12-04,34.02,34.35,32.3,3.4760742217501805,447455
1240,2012-12-05,32.45,32.55,31.88,3.4588872045845434,269695
1241,2012-12-06,32.16,32.47,32.03,3.464258147448805,189793
1242,2012-12-07,32.43,32.6,32.2,3.4750000331773285,106371
1243,2012-12-10,32.6,32.91,32.1,3.468554901740214,287665
1244,2012-12-11,32.44,32.86,32.21,3.4921870503429657,192525
1245,2012-12-12,32.65,32.89,32.28,3.483593541760147,186790
1246,2012-12-13,32.32,32.9,32.32,3.5136708218000128,146206
1247,2012-12-14,32.43,33.22,32.4,3.5458964789855827,185857
1248,2012-12-17,33.26,33.86,32.83,3.5491190447041396,345585
1249,2012-12-18,33.14,37.17,33.14,3.7800695878673936,786235
1250,2012-12-19,33.73,34.8,33.25,3.7220634049333667,430596
1251,2012-12-20,34.56,34.82,34.1,3.7177666506419578,216318
1252,2012-12-21,34.32,34.53,33.71,3.671576542009307,513291
1253,2012-12-24,33.85,34.25,33.59,3.676947484873568,57706
1254,2012-12-26,34.25,34.27,33.76,3.6414992619694413,137526
1255,2012-12-27,34.03,34.23,33.8,3.6629830334264883,124623
1256,2012-12-28,33.87,34.02,33.12,3.5587867418598114,277234
1257,2012-12-31,33.2,33.34,32.79,3.534080404684207,410498
1258,2013-01-02,33.35,34.46,33.28,3.601754284773905,487362
1259,2013-01-03,33.62,35.4,33.36,3.724211782079072,524505
1260,2013-01-04,34.98,35.66,34.52,3.775772833575984,311517
1261,2013-01-07,35.31,35.38,34.66,3.788663096450213,125854
1262,2013-01-08,35.13,35.48,33.98,3.6608346562807834,274130
1263,2013-01-09,33.0,33.55,32.58,3.5405255361213213,488305
1264,2013-01-10,33.5,36.42,33.25,3.6468702048337036,1441306
1265,2013-01-11,33.92,34.09,33.54,3.6619088448536363,382085
1266,2013-01-14,34.1,34.55,33.62,3.673724919155012,351679
1267,2013-01-15,34.02,34.39,33.86,3.6672797877178978,481187
1268,2013-01-16,33.97,33.97,33.1,3.571677004734039,302059
1269,2013-01-17,33.44,33.97,33.3,3.624312244803804,376845
1270,2013-01-18,33.74,33.74,32.94,3.5609351190055154,557412
1271,2013-01-22,33.09,33.94,33.06,3.6200154905123947,252395
1272,2013-01-23,33.78,33.89,32.91,3.5448222904127307,235177
1273,2013-01-24,32.98,33.35,32.94,3.582418890462563,260192
1274,2013-01-25,33.56,33.56,32.68,3.5276352732470935,398618
1275,2013-01-28,32.84,33.04,32.39,3.515819198945717,271161
1276,2013-01-29,32.77,32.77,31.93,3.4459969417103147,329268
1277,2013-01-30,32.05,32.06,31.27,3.3815456273391744,334929
1278,2013-01-31,31.5,32.02,31.3,3.4341808674089394,485395
1279,2013-02-01,32.18,32.31,31.87,3.4470711302831676,373914
1280,2013-02-04,32.03,32.31,31.91,3.4417001874189057,365498
1281,2013-02-05,32.04,32.17,31.91,3.4384776217003483,236645
1282,2013-02-06,31.98,33.0,31.94,3.5426739132670257,225860
1283,2013-02-07,32.86,33.53,32.86,3.5953091533367907,382399
1284,2013-02-08,33.41,33.71,33.22,3.5899382104725293,197210
1285,2013-02-11,33.48,33.93,33.06,3.6286089990952135,333714
1286,2013-02-12,33.75,34.57,33.68,3.705950576340582,347336
1287,2013-02-13,34.34,34.36,33.05,3.5910123990453813,525211
1288,2013-02-14,33.43,33.65,33.15,3.6071252276381665,141784
1289,2013-02-15,33.87,34.04,33.12,3.562009307578368,579386
1290,2013-02-19,33.17,34.58,32.95,3.555564176141254,523350
1291,2013-02-20,31.78,31.85,29.0,3.2848686557824633,2052118
1292,2013-02-21,30.28,30.94,30.15,3.2805719014910544,582116
1293,2013-02-22,30.74,31.23,30.42,3.3418006501436377,301108
1294,2013-02-25,31.14,31.22,30.52,3.2837944672096113,314848
1295,2013-02-26,30.51,30.71,30.26,3.2784235243453494,490699
1296,2013-02-27,30.55,31.59,30.55,3.3622102330278323,448564
1297,2013-02-28,31.33,31.36,30.6,3.307426615812363,484752
1298,2013-03-01,30.61,30.93,30.0,3.2805719014910544,323035
1299,2013-03-04,30.31,30.36,29.18,3.167782101341558,526924
1300,2013-03-05,29.66,29.99,29.52,3.2000077585271285,397871
1301,2013-03-06,29.8,29.94,29.17,3.1581144041858873,499158
1302,2013-03-07,29.37,30.26,28.94,3.239752735722665,700456
1303,2013-03-08,30.31,31.1,30.31,3.339652272997933,558037
1304,2013-03-11,31.0,31.46,30.82,3.3761746844749125,286156
1305,2013-03-12,31.48,31.84,31.46,3.384768193057732,367449
1306,2013-03-13,31.53,32.31,31.53,3.427735735971825,316249
1307,2013-03-14,32.01,32.2,31.54,3.4535162617202815,388846
1308,2013-03-15,32.18,32.24,31.48,3.401955210223369,386757
1309,2013-03-18,31.39,31.72,30.95,3.3922875130676977,161247
1310,2013-03-19,31.58,31.64,31.06,3.374026307329208,191080
1311,2013-03-20,32.0,32.24,31.52,3.436329244554644,241457
1312,2013-03-21,31.8,32.53,31.8,3.4728516560316236,209121
1313,2013-03-22,32.43,32.84,32.19,3.511522444654308,212123
1314,2013-03-25,32.71,33.0,32.62,3.5104482560814554,282397
1315,2013-03-26,32.75,33.02,32.35,3.5469706675584356,231322
1316,2013-03-27,32.79,33.34,32.74,3.5480448561312876,212158
1317,2013-03-28,33.03,33.48,32.89,3.574899570452596,258187
1318,2013-04-01,33.16,33.49,32.5,3.515819198945717,281618
1319,2013-04-02,32.73,32.86,31.94,3.4470711302831676,174791
1320,2013-04-03,32.24,32.44,31.3,3.3912133244948457,245711
1321,2013-04-04,31.65,32.67,31.62,3.505077313217194,267081
1322,2013-04-05,32.23,32.75,32.04,3.515819198945717,196835
1323,2013-04-08,32.72,33.16,32.66,3.5458964789855827,297821
1324,2013-04-09,33.02,33.7,32.97,3.6092736047838714,392563
1325,2013-04-10,33.71,34.56,33.71,3.653315336270817,352639
1326,2013-04-11,33.88,34.15,33.07,3.571677004734039,260706
1327,2013-04-12,33.01,33.46,32.75,3.582418890462563,142909
1328,2013-04-15,33.19,33.46,32.08,3.4664065245945097,184357
1329,2013-04-16,32.51,32.65,32.19,3.4932612389158186,279469
1330,2013-04-17,32.22,32.57,31.9,3.483593541760147,168488
1331,2013-04-18,32.58,32.58,31.51,3.4062519645147784,173859
1332,2013-04-19,31.76,32.45,31.63,3.4535162617202815,179561
1333,2013-04-22,31.96,32.04,31.32,3.4094745302333354,233170
1334,2013-04-23,31.06,32.64,31.06,3.4921870503429657,266958
1335,2013-04-24,32.64,33.51,32.19,3.5985317190553476,430466
1336,2013-04-25,33.99,34.84,33.74,3.68661518202924,768424
1337,2013-04-26,35.18,36.96,34.47,3.857411165112762,703867
1338,2013-04-29,36.12,36.37,34.59,3.71884083921481,412384
1339,2013-04-30,34.59,34.8,33.95,3.684466804883535,442746
1340,2013-05-01,34.28,34.38,33.05,3.5770479475983006,539777
1341,2013-05-02,33.32,34.6,33.12,3.6812442391649784,292988
1342,2013-05-03,34.58,35.8,34.26,3.789737285023065,425573
1343,2013-05-06,34.98,35.72,34.92,3.778995399294541,249629
1344,2013-05-07,35.18,35.87,34.77,3.791885662168769,219622
1345,2013-05-08,35.08,35.29,34.6,3.790811473595917,296280
1346,2013-05-09,35.15,35.72,35.02,3.8058501136158496,182568
1347,2013-05-10,35.37,36.82,35.31,3.9240108566296077,314358
1348,2013-05-13,36.23,36.54,36.23,3.900378708026856,352776
1349,2013-05-14,36.24,37.21,36.22,3.9906105481464524,280870
1350,2013-05-15,37.17,37.79,36.86,3.9777202852722247,234654
1351,2013-05-16,36.87,37.6,36.67,3.9873879824278955,300486
1352,2013-05-17,37.23,37.49,36.98,4.027132959623432,281667
1353,2013-05-20,37.8,38.46,37.51,4.127032496898701,384328
1354,2013-05-21,38.54,38.94,38.48,4.175370982677055,402007
1355,2013-05-22,39.02,39.26,38.59,4.1667774740942365,301108
1356,2013-05-23,38.36,38.77,37.82,4.08084238826605,304178
1357,2013-05-24,37.69,37.89,36.86,3.9777202852722247,324638
1358,2013-05-28,37.36,38.03,36.93,4.005649188166386,266156
1359,2013-05-29,37.23,37.55,36.91,3.997055679583567,190522
1360,2013-05-30,37.32,37.87,37.17,4.056136051090445,179557
1361,2013-05-31,37.69,38.44,37.51,4.032503902487694,192750
1362,2013-06-03,37.41,37.97,36.94,4.06258118252756,181883
1363,2013-06-04,37.91,38.26,37.44,4.0368006567791035,133943
1364,2013-06-05,37.56,37.99,37.13,3.9992040567292713,123714
1365,2013-06-06,37.24,37.67,37.19,4.043245788216217,108719
1366,2013-06-07,37.91,37.91,37.4,4.06258118252756,230044
1367,2013-06-10,38.06,38.98,37.96,4.170000039812794,205558
1368,2013-06-11,38.44,38.86,37.79,4.08084238826605,233364
1369,2013-06-12,38.07,38.33,37.27,4.043245788216217,177082
1370,2013-06-13,37.66,38.25,37.17,4.104474536868801,166386
1371,2013-06-14,38.21,38.34,38.01,4.093732651140278,108618
1372,2013-06-17,38.37,38.72,38.04,4.099103594004539,112652
1373,2013-06-18,38.11,38.6,37.71,4.074397256828935,183051
1374,2013-06-19,37.95,38.46,37.48,4.02605877105058,215140
1375,2013-06-20,37.0,37.32,36.34,3.908972216609675,216227
1376,2013-06-21,36.34,36.69,35.06,3.8445209022385343,432676
1377,2013-06-24,35.43,35.78,35.12,3.827333885072897,304653
1378,2013-06-25,35.86,36.24,35.59,3.840224147947125,137248
1379,2013-06-26,35.99,37.19,35.89,3.9712751538351103,233993
1380,2013-06-27,37.09,37.45,36.7,4.004574999593533,242279
1381,2013-06-28,37.17,37.61,36.94,3.985239605282191,324889
1382,2013-07-01,37.22,38.43,37.1,4.093732651140278,283742
1383,2013-07-02,38.13,38.7,38.13,4.145293702637191,164071
1384,2013-07-03,38.5,38.58,37.77,4.107697102587358,135068
1385,2013-07-05,38.84,38.85,38.37,4.1667774740942365,75649
1386,2013-07-08,38.96,39.56,38.78,4.238748108475344,116615
1387,2013-07-09,39.72,40.54,39.53,4.306421988565042,261943
1388,2013-07-10,40.02,40.13,39.54,4.272047954233767,178568
1389,2013-07-11,40.07,40.84,39.88,4.3622797943533635,240869
1390,2013-07-12,40.51,40.99,39.9,4.297828479982223,176679
1391,2013-07-15,40.01,40.42,39.26,4.262380257078095,178562
1392,2013-07-16,40.24,40.4,39.4,4.247341617058162,352969
1393,2013-07-17,39.25,39.56,37.8,4.1152164225973245,285419
1394,2013-07-18,38.29,38.63,38.02,4.127032496898701,180122
1395,2013-07-19,38.4,38.4,37.06,3.9884621710007484,224714
1396,2013-07-22,37.04,37.33,36.2,3.994907302437862,223937
1397,2013-07-23,36.86,37.31,36.5,3.9562365138151776,201809
1398,2013-07-24,36.68,36.72,35.12,3.829482262218601,364825
1399,2013-07-25,35.65,35.85,34.87,3.8370015822285675,330596
1400,2013-07-26,35.52,36.0,35.33,3.8531144108213526,232482
1401,2013-07-29,35.87,36.08,35.2,3.830556450791453,159656
1402,2013-07-30,35.83,36.05,35.39,3.849891845102796,383377
1403,2013-07-31,35.99,36.05,35.25,3.828408073645749,659209
1404,2013-08-01,32.55,33.0,30.77,3.3901391359219932,2117397
1405,2013-08-02,31.44,31.69,31.05,3.3525425358721614,369671
1406,2013-08-05,31.14,32.01,31.1,3.4148454730975972,405273
1407,2013-08-06,31.8,31.85,31.13,3.349319970153604,263166
1408,2013-08-07,31.0,31.22,30.88,3.3525425358721614,322431
1409,2013-08-08,31.43,31.56,31.2,3.3869165702034363,342879
1410,2013-08-09,31.56,31.85,31.39,3.4126970959518923,294286
1411,2013-08-12,31.67,31.97,31.66,3.4255873588261205,163861
1412,2013-08-13,31.9,32.57,31.72,3.484667730332999,306297
1413,2013-08-14,32.35,32.89,32.27,3.5125966332271608,311483
1414,2013-08-15,32.22,32.59,32.12,3.48037097604159,478031
1415,2013-08-16,32.21,32.47,32.07,3.484667730332999,253220
1416,2013-08-19,32.23,32.63,32.23,3.500780558925785,636909
1417,2013-08-20,32.75,32.89,32.51,3.515819198945717,281949
1418,2013-08-21,32.72,33.37,32.39,3.531932027538503,323754
1419,2013-08-22,32.87,33.61,32.87,3.582418890462563,141676
1420,2013-08-23,33.34,33.5,32.66,3.562009307578368,164816
1421,2013-08-26,33.14,33.41,32.94,3.562009307578368,192613
1422,2013-08-27,32.75,33.11,32.52,3.5061515017900464,191177
1423,2013-08-28,32.61,33.06,32.36,3.5265610846742406,242849
1424,2013-08-29,32.74,33.08,32.54,3.4975579932072276,286855
1425,2013-08-30,32.41,32.6,31.06,3.355765101590718,383083
1426,2013-09-03,31.5,31.97,30.66,3.325687821550853,378160
1427,2013-09-04,30.95,31.22,30.69,3.306352427239511,251830
1428,2013-09-05,30.69,31.7,30.68,3.37939725019347,227747
1429,2013-09-06,31.55,31.92,31.19,3.374026307329208,169917
1430,2013-09-09,31.58,32.06,31.46,3.435255055981792,235847
1431,2013-09-10,32.03,32.03,31.46,3.404103587369074,205679
1432,2013-09-11,31.54,32.23,31.5,3.435255055981792,126223
1433,2013-09-12,31.92,32.12,31.17,3.37939725019347,235226
1434,2013-09-13,31.55,31.71,31.01,3.401955210223369,200282
1435,2013-09-16,31.89,32.14,31.54,3.421290604534711,102627
1436,2013-09-17,31.91,32.35,31.79,3.451367884574577,482180
1437,2013-09-18,32.52,32.52,31.4,3.4255873588261205,244167
1438,2013-09-19,31.83,31.98,31.32,3.3879907587762883,96639
1439,2013-09-20,31.53,31.81,30.85,3.318168501540886,325383
1440,2013-09-23,30.81,30.81,30.12,3.2666074500439737,297730
1441,2013-09-24,30.38,31.1,30.18,3.2977589186566916,273674
1442,2013-09-25,30.65,30.86,29.59,3.1903400613714576,708515
1443,2013-09-26,29.76,29.89,29.2,3.1505950841759205,334397
1444,2013-09-27,29.21,29.45,28.36,3.0829212040862233,439693
1445,2013-09-30,28.5,28.83,28.45,3.0796986383676663,584014
1446,2013-10-01,28.63,29.17,28.47,3.123740369854612,393264
1447,2013-10-02,29.03,29.36,28.9,3.1441499527388066,269440
1448,2013-10-03,29.14,29.49,28.69,3.0829212040862233,572824
1449,2013-10-04,28.71,29.0,28.12,3.0345827183078677,411182
1450,2013-10-07,28.0,28.26,27.75,2.9969861182580355,522828
1451,2013-10-08,27.82,28.92,27.82,3.0936630898147466,985453
1452,2013-10-09,28.71,29.29,28.14,3.1119242955532362,508858
1453,2013-10-10,29.17,29.81,28.94,3.1591885927587398,327491
1454,2013-10-11,29.32,29.56,28.86,3.114072672698941,269734
1455,2013-10-14,28.84,29.02,28.58,3.097959844106156,209678
1456,2013-10-15,28.7,28.81,28.39,3.0592890554834717,175324
1457,2013-10-16,28.61,28.97,28.09,3.024915021152197,232680
1458,2013-10-17,28.03,28.31,27.9,3.005579626840855,374311
1459,2013-10-18,28.15,28.17,27.51,2.998060306830888,500135
1460,2013-10-21,27.83,28.64,27.83,3.066808375493438,445417
1461,2013-10-22,28.6,30.0,28.6,3.164559535623001,726336
1462,2013-10-23,29.4,29.48,29.01,3.1334080670102837,306226
1463,2013-10-24,29.35,29.69,28.8,3.135556444155988,504301
1464,2013-10-25,27.5,28.24,25.7,2.8197450037373994,2535039
1465,2013-10-28,26.17,26.17,25.5,2.7499227465019973,694434
1466,2013-10-29,25.6,26.28,25.52,2.7971870437075,790341
1467,2013-10-30,26.14,27.49,26.04,2.9432766896154186,546889
1468,2013-10-31,27.51,27.51,26.96,2.906754278138439,364072
1469,2013-11-01,26.84,26.99,26.4,2.8702318666614595,295970
1470,2013-11-04,26.69,27.05,26.66,2.8831221295356877,312744
1471,2013-11-05,26.7,27.99,26.66,2.9873184211023647,375129
1472,2013-11-06,27.95,28.0,27.17,2.9228671067312244,240978
1473,2013-11-07,27.18,27.88,27.07,2.9228671067312244,305591
1474,2013-11-08,27.06,28.0,27.06,2.975502346800989,446700
1475,2013-11-11,27.71,27.79,27.26,2.9293122381683383,338857
1476,2013-11-12,27.18,27.22,26.65,2.8831221295356877,277199
1477,2013-11-13,26.54,27.16,26.54,2.9046059009927343,196946
1478,2013-11-14,27.04,27.33,26.78,2.914273598148405,184177
1479,2013-11-15,27.09,27.66,26.99,2.9432766896154186,171995
1480,2013-11-18,27.5,28.19,27.29,2.9873184211023647,306881
1481,2013-11-19,27.87,27.9,27.39,2.9647604610724656,334754
1482,2013-11-20,27.62,28.34,27.43,3.024915021152197,186393
1483,2013-11-21,28.15,29.39,27.93,3.1248145584274645,565462
1484,2013-11-22,29.1,29.92,29.03,3.1946368156628666,468427
1485,2013-11-25,29.75,29.95,29.5,3.1795981756429343,201956
1486,2013-11-26,29.55,29.67,29.14,3.1688562899144106,328159
1487,2013-11-27,29.5,30.21,29.48,3.2107496442556522,282765
1488,2013-11-29,30.03,30.03,29.6,3.1838949299343433,146675
1489,2013-12-02,29.56,29.79,28.62,3.103330786970418,532241
1490,2013-12-03,28.7,29.4,28.44,3.135556444155988,403445
1491,2013-12-04,29.01,29.64,28.54,3.157040215613035,259095
1492,2013-12-05,29.48,29.73,29.38,3.17315304420582,267975
1493,2013-12-06,29.69,30.38,29.5,3.235455981431256,512867
1494,2013-12-09,29.98,30.28,29.85,3.248346244305484,473550
1495,2013-12-10,30.14,30.28,29.2,3.147372518457364,353387
1496,2013-12-11,29.24,29.5,28.9,3.1366306327288402,499795
1497,2013-12-12,29.3,29.39,29.0,3.142001575593102,383134
1498,2013-12-13,29.2,29.69,29.2,3.1495208956030685,213507
1499,2013-12-16,29.39,29.94,29.13,3.178523987070082,222802
1500,2013-12-17,29.56,29.81,29.25,3.1860433070800482,422401
1501,2013-12-18,29.7,30.16,29.43,3.225788284275585,352276
1502,2013-12-19,29.92,30.18,29.31,3.166707912768706,369647
1503,2013-12-20,29.6,30.39,29.35,3.2472720557326316,560016
1504,2013-12-23,30.43,31.75,30.43,3.39336170164055,337000
1505,2013-12-24,31.71,31.71,31.28,3.3836940044848793,125798
1506,2013-12-26,31.59,32.0,31.3,3.384768193057732,482129
1507,2013-12-27,31.65,31.65,30.85,3.3310587644151144,255510
1508,2013-12-30,30.92,31.48,30.72,3.3332071415608193,514261
1509,2013-12-31,31.14,31.33,30.74,3.336429707279376,367186
1510,2014-01-02,30.84,31.14,30.6,3.329984575842262,263860
1511,2014-01-03,30.97,31.34,30.55,3.3654327987463892,386473
1512,2014-01-06,31.22,31.35,30.7,3.3568392901635704,280533
1513,2014-01-07,31.29,31.64,31.21,3.368655364464946,246927
1514,2014-01-08,31.47,31.69,31.06,3.355765101590718,922669
1515,2014-01-09,31.15,31.24,30.78,3.3332071415608193,281322
1516,2014-01-10,30.9,31.02,30.43,3.285942844355316,198535
1517,2014-01-13,30.44,30.64,29.59,3.2000077585271285,777124
1518,2014-01-14,29.87,30.27,29.29,3.1559660270401824,871578
1519,2014-01-15,29.52,30.43,29.16,3.2096754556827998,488935
1520,2014-01-16,29.91,30.61,29.53,3.2784235243453494,421277
1521,2014-01-17,28.5,29.2,27.82,3.1151468612717936,2439995
1522,2014-01-21,29.06,29.53,28.5,3.1688562899144106,824373
1523,2014-01-22,29.62,29.87,29.36,3.1838949299343433,515974
1524,2014-01-23,29.59,29.86,28.79,3.114072672698941,599496
1525,2014-01-24,28.73,29.29,28.73,3.1409273870202497,276659
1526,2014-01-27,29.13,30.32,28.81,3.145224141311659,966454
1527,2014-01-28,29.28,29.54,28.58,3.106553352688975,397662
1528,2014-01-29,27.58,28.38,27.43,2.972279781082432,817051
1529,2014-01-30,27.87,28.2,27.7,3.000208683976593,367800
1530,2014-01-31,27.61,28.83,27.43,3.0463987926092435,416840
1531,2014-02-03,28.36,28.36,27.21,2.9464992553339755,361624
1532,2014-02-04,27.64,27.95,27.2,2.9540185753439423,272656
1533,2014-02-05,27.47,27.71,26.98,2.975502346800989,651615
1534,2014-02-06,27.72,28.04,27.48,3.0088021925594117,404177
1535,2014-02-07,27.22,28.08,27.22,2.999134495403741,535944
1536,2014-02-10,27.95,28.67,27.7,3.078624449794814,1904226
1537,2014-02-11,28.78,29.5,28.63,3.117295238417498,314726
1538,2014-02-12,29.02,29.38,28.02,3.068956752639143,599954
1539,2014-02-13,28.28,28.94,28.03,3.1011824098247134,675470
1540,2014-02-14,28.88,29.3,28.69,3.117295238417498,330776
1541,2014-02-18,28.94,29.43,28.8,3.103330786970418,390856
1542,2014-02-19,28.81,30.14,28.54,3.114072672698941,1132149
1543,2014-02-20,28.05,28.23,25.21,2.753145312220554,2796791
1544,2014-02-21,25.56,26.18,25.11,2.791816100843238,912916
1545,2014-02-24,25.99,26.74,25.99,2.834783643757332,634746
1546,2014-02-25,26.48,27.22,26.41,2.869157678088607,565878
1547,2014-02-26,26.8,27.04,26.42,2.8562674152143788,359808
1548,2014-02-27,26.48,27.0,26.44,2.893864015264211,616333
1549,2014-02-28,27.03,28.12,26.86,2.975502346800989,859362
1550,2014-03-03,27.41,27.67,27.1,2.9368315581783047,417700
1551,2014-03-04,27.6,28.15,27.6,2.9969861182580355,629366
1552,2014-03-05,27.12,27.87,27.12,2.9712055925095795,438401
1553,2014-03-06,30.0,34.17,29.7,3.6114219819295754,3693053
1554,2014-03-07,33.44,33.59,32.67,3.5469706675584356,1004922
1555,2014-03-10,32.83,33.3,32.75,3.5480448561312876,436327
1556,2014-03-11,33.16,33.9,32.75,3.582418890462563,341204
1557,2014-03-12,33.17,33.68,32.99,3.571677004734039,323257
1558,2014-03-13,33.2,33.58,32.95,3.5609351190055154,330604
1559,2014-03-14,33.07,33.62,33.03,3.5609351190055154,340698
1560,2014-03-17,33.3,35.2,33.3,3.6941345020392062,984514
1561,2014-03-18,34.31,35.22,34.07,3.778995399294541,601981
1562,2014-03-19,35.18,35.35,33.96,3.6662055991450457,319548
1563,2014-03-20,34.35,34.99,34.25,3.6952086906120583,446899
1564,2014-03-21,34.37,34.72,34.17,3.6962828791849107,355948
1565,2014-03-24,34.5,34.63,33.3,3.621089679085247,279780
1566,2014-03-25,33.67,33.98,33.27,3.6103477933567234,202835
1567,2014-03-26,33.74,33.75,32.78,3.5233385189556836,234390
1568,2014-03-27,32.92,32.92,31.63,3.436329244554644,413029
1569,2014-03-28,31.95,32.93,31.85,3.4900386731972612,274871
1570,2014-03-31,32.73,33.05,32.41,3.5136708218000128,269397
1571,2014-04-01,32.78,33.44,32.44,3.5458964789855827,469270
1572,2014-04-02,33.09,33.43,32.51,3.5373029704027643,564053
1573,2014-04-03,32.96,33.01,31.51,3.4073261530876304,356321
1574,2014-04-04,32.16,33.12,31.99,3.5437481018398787,575491
1575,2014-04-07,32.89,32.89,31.6,3.401955210223369,314828
1576,2014-04-08,31.63,32.08,31.33,3.4094745302333354,232374
1577,2014-04-09,32.2,33.15,32.2,3.5437481018398787,397474
1578,2014-04-10,33.05,33.16,31.15,3.3761746844749125,529747
1579,2014-04-11,31.12,31.48,30.11,3.2537171871697455,691854
1580,2014-04-14,30.47,32.21,30.47,3.3342813301336713,463152
1581,2014-04-15,31.25,31.46,30.12,3.264459072898269,326644
1582,2014-04-16,30.65,30.65,29.63,3.2247140957027325,390849
1583,2014-04-17,30.06,30.48,29.73,3.1967851928085715,235970
1584,2014-04-21,29.68,30.14,29.54,3.1903400613714576,185808
1585,2014-04-22,30.07,31.09,30.05,3.2730525814810876,1341750
1586,2014-04-23,30.5,31.99,30.25,3.2623106957525647,357036
1587,2014-04-24,30.46,30.46,29.84,3.2107496442556522,188215
1588,2014-04-25,29.86,29.86,28.76,3.1215919927089075,243917
1589,2014-04-28,29.25,29.68,28.61,3.0861437698047802,247674
1590,2014-04-29,28.98,29.27,28.63,3.0796986383676663,158804
1591,2014-04-30,28.64,28.78,28.09,3.066808375493438,370340
1592,2014-05-01,28.7,29.6,28.06,3.169930478487263,642399
1593,2014-05-02,31.43,32.0,29.64,3.232233415712699,884897
1594,2014-05-05,29.81,30.34,29.44,3.2096754556827998,331919
1595,2014-05-06,29.83,30.09,29.37,3.172078855632968,294638
1596,2014-05-07,29.59,30.14,29.39,3.2128980214013567,334409
1597,2014-05-08,29.72,30.43,29.4,3.1656337241958536,215232
1598,2014-05-09,29.32,30.1,29.13,3.2096754556827998,197479
1599,2014-05-12,30.0,30.58,29.99,3.2752009586267925,548491
1600,2014-05-13,30.49,30.64,29.76,3.2096754556827998,377783
1601,2014-05-14,29.78,29.98,29.19,3.1462983298845115,331986
1602,2014-05-15,29.08,29.08,28.34,3.114072672698941,443200
1603,2014-05-16,28.99,29.15,28.25,3.114072672698941,1202079
1604,2014-05-19,28.87,29.38,28.87,3.1377048213016927,326265
1605,2014-05-20,29.22,29.32,28.42,3.1334080670102837,389434
1606,2014-05-21,29.23,29.9,29.0,3.195711004235719,230147
1607,2014-05-22,29.83,31.17,29.79,3.3310587644151144,488016
1608,2014-05-23,31.13,31.54,30.58,3.3589876673092753,252655
1609,2014-05-27,31.51,32.13,31.09,3.3632844216006843,347565
1610,2014-05-28,31.34,31.5,30.97,3.329984575842262,260439
1611,2014-05-29,31.24,31.81,31.18,3.364358610173537,237046
1612,2014-05-30,31.4,31.87,31.12,3.39336170164055,282079
1613,2014-06-02,31.6,31.75,30.91,3.3944358902134026,199504
1614,2014-06-03,31.36,31.94,30.94,3.418068038816154,296337
1615,2014-06-04,31.7,32.44,31.45,3.469629090313066,226419
1616,2014-06-05,32.46,34.08,32.18,3.657612090562226,425933
1617,2014-06-06,34.27,34.7,32.23,3.6823184277378305,329618
1618,2014-06-09,34.22,35.35,34.15,3.776847022148836,373994
1619,2014-06-10,35.04,35.35,34.56,3.759660004983199,356124
1620,2014-06-11,35.28,36.06,35.0,3.8219629422086348,555018
1621,2014-06-12,35.52,35.63,34.8,3.756437439264642,298069
1622,2014-06-13,35.0,35.28,34.79,3.760734193556051,236485
1623,2014-06-16,34.9,35.1,34.62,3.7499923078275277,277712
1624,2014-06-17,34.94,35.28,34.64,3.758585816410347,378533
1625,2014-06-18,34.99,35.84,34.73,3.8445209022385343,157079
1626,2014-06-19,35.95,36.02,35.43,3.818740376490078,176832
1627,2014-06-20,35.51,36.0,35.45,3.8133694336258164,267355
1628,2014-06-23,35.59,35.86,35.09,3.8488176565299432,162000
1629,2014-06-24,35.73,36.6,35.72,3.8531144108213526,201454
1630,2014-06-25,35.72,36.19,34.64,3.777921210721689,559756
1631,2014-06-26,35.14,35.37,34.78,3.747843930681823,425047
1632,2014-06-27,34.72,35.89,34.72,3.7854405307316554,1001094
1633,2014-06-30,35.24,35.93,34.84,3.7499923078275277,408042
1634,2014-07-01,35.05,35.49,34.72,3.797256605033031,751298
1635,2014-07-02,35.36,35.56,34.54,3.7177666506419578,168305
1636,2014-07-03,34.75,35.22,34.61,3.7489181192546757,138648
1637,2014-07-07,34.74,35.35,34.56,3.7338794792347425,175745
1638,2014-07-08,34.68,34.91,33.71,3.6629830334264883,375147
1639,2014-07-09,34.12,35.03,34.05,3.7371020449533,209327
1640,2014-07-10,34.2,34.64,33.69,3.676947484873568,205855
1641,2014-07-11,34.21,34.54,33.7,3.6286089990952135,273423
1642,2014-07-14,34.1,34.64,33.97,3.6662055991450457,225857
1643,2014-07-15,34.23,34.48,33.15,3.5974575304824956,170072
1644,2014-07-16,33.75,34.31,32.61,3.5082998789357505,645339
1645,2014-07-17,32.26,32.63,31.82,3.4588872045845434,690175
1646,2014-07-18,32.15,33.14,32.15,3.5072256903628984,225096
1647,2014-07-21,32.48,32.63,31.44,3.37939725019347,252356
1648,2014-07-22,31.61,31.91,31.27,3.3965842673591076,295262
1649,2014-07-23,31.54,31.94,30.84,3.3170943129680337,275457
1650,2014-07-24,30.93,31.21,30.14,3.2913137872195777,671016
1651,2014-07-25,32.31,36.16,31.52,3.757511627837494,941251
1652,2014-07-28,35.18,35.61,34.5,3.705950576340582,379254
1653,2014-07-29,34.67,35.38,34.36,3.7542890621189375,343275
1654,2014-07-30,34.8,35.16,33.97,3.678021673446421,288382
1655,2014-07-31,33.78,34.6,33.78,3.6812442391649784,273036
1656,2014-08-01,34.55,35.35,34.53,3.760734193556051,393491
1657,2014-08-04,35.07,35.48,34.64,3.747843930681823,273667
1658,2014-08-05,34.61,35.34,34.51,3.728508536370481,198306
1659,2014-08-06,34.33,35.3,34.26,3.75536325069179,277327
1660,2014-08-07,35.16,35.79,34.96,3.7628825707017564,313819
1661,2014-08-08,35.08,35.38,34.81,3.7671793249931653,238244
1662,2014-08-11,35.28,35.94,34.9,3.850966033675648,199894
1663,2014-08-12,35.75,36.14,35.42,3.8445209022385343,144463
1664,2014-08-13,35.86,36.38,35.5,3.8359273936557154,189666
1665,2014-08-14,35.6,35.78,34.97,3.7714760792845747,230842
1666,2014-08-15,35.29,35.74,34.68,3.818740376490078,232434
1667,2014-08-18,35.74,36.39,35.56,3.8842658794340705,218428
1668,2014-08-19,36.15,36.7,36.13,3.9057496508911176,218733
1669,2014-08-20,36.27,36.75,35.6,3.881043313715514,179617
1670,2014-08-21,36.03,37.1,36.03,3.963755833825144,210710
1671,2014-08-22,37.04,37.04,35.72,3.839149959374273,278336
1672,2014-08-25,36.07,36.5,35.38,3.840224147947125,216688
1673,2014-08-26,35.81,36.27,35.62,3.882117502288366,292676
1674,2014-08-27,36.43,38.1,36.43,4.04431997678907,395105
1675,2014-08-28,37.43,37.47,36.78,3.994907302437862,242367
1676,2014-08-29,37.23,37.77,36.91,4.003500811020682,178435
1677,2014-09-02,37.34,37.59,36.9,4.000278245302124,231753
1678,2014-09-03,37.38,37.63,36.34,3.9261592337753117,224051
1679,2014-09-04,36.49,37.13,36.49,3.9379753080766875,167780
1680,2014-09-05,36.57,37.26,36.41,3.9777202852722247,141382
1681,2014-09-08,36.93,37.03,36.19,3.950865570950916,346738
1682,2014-09-09,36.66,36.85,36.04,3.950865570950916,257448
1683,2014-09-10,36.83,37.16,36.43,3.9680525881165534,140412
1684,2014-09-11,36.78,37.4,36.6,4.008871753884943,181629
1685,2014-09-12,37.2,37.56,36.47,3.9562365138151776,206481
1686,2014-09-15,36.78,36.81,35.98,3.901452896599708,221127
1687,2014-09-16,36.19,37.15,35.91,3.944420439513802,196690
1688,2014-09-17,36.64,37.55,36.58,4.004574999593533,156449
1689,2014-09-18,37.5,38.15,37.27,4.0572102396632985,173980
1690,2014-09-19,37.82,38.2,36.96,3.99383311386501,611642
1691,2014-09-22,36.95,37.29,36.06,3.9186399137653454,250465
1692,2014-09-23,36.36,36.87,35.9,3.860633730831319,203005
1693,2014-09-24,35.94,36.36,35.55,3.8681530508412854,285961
1694,2014-09-25,35.86,36.42,35.45,3.829482262218601,194102
1695,2014-09-26,35.71,36.48,35.71,3.9036012737454135,168841
1696,2014-09-29,35.98,36.83,35.52,3.9465688166595068,260818
1697,2014-09-30,36.74,37.04,35.92,3.8660046736955813,324864
1698,2014-10-01,36.08,36.15,34.82,3.7489181192546757,321049
1699,2014-10-02,35.04,35.93,34.87,3.811221056480111,226455
1700,2014-10-03,35.87,36.07,35.51,3.8165919993443733,277079
1701,2014-10-06,35.53,35.99,34.83,3.7435471763904142,343687
1702,2014-10-07,34.57,34.74,33.75,3.6264606219495086,403003
1703,2014-10-08,33.77,34.66,33.54,3.689837747747797,365470
1704,2014-10-09,34.33,34.84,33.03,3.551267421849845,1235510
1705,2014-10-10,32.94,34.77,32.9,3.6457960162608507,419509
1706,2014-10-13,33.9,34.47,33.43,3.5974575304824956,379675
1707,2014-10-14,33.83,35.45,33.83,3.759660004983199,484491
1708,2014-10-15,34.47,36.17,34.47,3.829482262218601,477262
1709,2014-10-16,35.16,36.19,35.08,3.882117502288366,387247
1710,2014-10-17,36.58,36.76,35.11,3.791885662168769,439585
1711,2014-10-20,35.26,35.8,34.69,3.8165919993443733,236926
1712,2014-10-21,35.5,36.0,34.93,3.792959850741622,387014
1713,2014-10-22,35.49,35.75,34.91,3.7843663421588025,355851
1714,2014-10-23,35.36,35.38,33.09,3.5663060618697777,867249
1715,2014-10-24,38.0,42.38,37.39,4.527704834572624,2378098
1716,2014-10-27,41.63,42.45,41.43,4.556707926039637,928031
1717,2014-10-28,42.78,44.25,42.75,4.728578097696013,666739
1718,2014-10-29,43.9,44.14,42.86,4.697426629083294,407106
1719,2014-10-30,43.44,44.27,43.29,4.719984589113193,361541
1720,2014-10-31,43.44,44.29,43.44,4.728578097696013,418682
1721,2014-11-03,44.2,44.38,43.41,4.715687834821784,331771
1722,2014-11-04,43.94,44.56,43.74,4.741468360570241,397304
1723,2014-11-05,44.02,45.14,43.82,4.823106692107018,323422
1724,2014-11-06,45.1,46.6,44.64,4.9767156580249035,482551
1725,2014-11-07,46.18,47.69,45.92,5.0572798009888285,563247
1726,2014-11-10,47.08,48.06,46.37,5.105618286767185,449762
1727,2014-11-11,47.54,47.97,46.27,5.0282767095218155,290060
1728,2014-11-12,46.61,47.64,45.76,5.086282892455842,367344
1729,2014-11-13,47.14,47.56,46.09,5.0014219952005075,344235
1730,2014-11-14,46.49,47.05,45.92,4.944490000839333,491118
1731,2014-11-17,46.09,46.57,45.71,4.953083509422152,174283
1732,2014-11-18,46.12,46.76,46.02,4.994976863763393,167629
1733,2014-11-19,46.6,46.63,45.57,4.930525549392252,170554
1734,2014-11-20,45.6,46.7,45.6,5.006792938064769,226932
1735,2014-11-21,47.09,47.89,46.7,5.042241160968896,278754
1736,2014-11-24,46.91,48.0,46.5,5.155030961118392,307593
1737,2014-11-25,48.15,49.17,47.55,5.2527821212479555,451367
1738,2014-11-26,49.0,49.64,48.58,5.29145290987064,485873
1739,2014-11-28,49.34,49.99,48.66,5.280711024142116,201796
1740,2014-12-01,49.2,49.81,47.39,5.219482275489533,489100
1741,2014-12-02,48.75,49.43,48.24,5.246336989810842,420294
1742,2014-12-03,48.7,49.01,48.01,5.224853218353794,254488
1743,2014-12-04,48.74,48.94,47.77,5.181885675439701,208335
1744,2014-12-05,48.21,49.42,48.14,5.2323725383637605,188455
1745,2014-12-08,48.41,49.23,48.12,5.224853218353794,193410
1746,2014-12-09,47.86,48.5,46.69,5.176514732575439,476525
1747,2014-12-10,49.09,49.09,47.32,5.124953681078527,357978
1748,2014-12-11,48.07,48.88,47.97,5.187256618303962,255033
1749,2014-12-12,47.96,49.02,47.96,5.180811486866848,292941
1750,2014-12-15,48.26,49.08,46.78,5.056205612415977,241826
1751,2014-12-16,47.13,47.62,46.7,5.031499275240373,230612
1752,2014-12-17,47.09,47.51,46.28,5.081986138164433,379053
1753,2014-12-18,47.82,48.63,47.12,5.196924315459634,228050
1754,2014-12-19,48.27,48.55,47.37,5.119582738214264,962446
1755,2014-12-22,47.97,48.09,47.3,5.1496600182541306,210090
1756,2014-12-23,48.05,48.99,48.05,5.256004686966512,202425
1757,2014-12-24,49.23,50.04,48.88,5.2796368355692636,99581
1758,2014-12-26,49.3,49.63,49.15,5.303268984172015,79041
1759,2014-12-29,49.24,50.17,49.24,5.3806105614173845,159003
1760,2014-12-30,50.0,50.62,49.72,5.403168521447283,150591
1761,2014-12-31,50.3,50.63,50.02,5.393500824291612,229491
1762,2015-01-02,50.61,51.3,49.25,5.3806105614173845,238208
1763,2015-01-05,49.8,51.04,49.28,5.318307624191948,275659
1764,2015-01-06,49.81,50.33,47.62,5.214111332625271,273513
1765,2015-01-07,48.92,49.65,48.92,5.318307624191948,553500
1766,2015-01-08,48.97,49.85,48.06,5.3290495099204716,631529
1767,2015-01-09,49.46,49.46,48.69,5.239891858373728,195891
1768,2015-01-12,48.86,49.29,48.57,5.233446726936613,175666
1769,2015-01-13,49.05,49.72,48.77,5.296823852734901,173950
1770,2015-01-14,48.83,49.15,47.36,5.195850126886781,282215
1771,2015-01-15,48.45,48.45,46.61,5.0529830466974195,414241
1772,2015-01-16,44.85,45.23,42.42,4.752210246298763,1131968
1773,2015-01-20,45.82,45.99,44.76,4.876816120749635,504830
1774,2015-01-21,45.08,45.73,45.02,4.888632195051011,264612
1775,2015-01-22,45.69,46.66,45.5,5.000347806627654,341368
1776,2015-01-23,46.37,46.79,46.04,4.99819942948195,378581
1777,2015-01-26,46.35,47.24,46.35,5.066947498144501,244981
1778,2015-01-27,46.73,47.16,46.14,4.967047960869232,268143
1779,2015-01-28,46.62,46.93,45.54,4.899374080779534,410293
1780,2015-01-29,45.51,46.96,45.09,5.026128332376111,286416
1781,2015-01-30,46.62,46.62,44.09,4.757581189163025,545112
1782,2015-02-02,44.32,44.46,42.92,4.740394171997388,267502
1783,2015-02-03,44.17,44.6,43.52,4.7704714520372535,237673
1784,2015-02-04,44.18,45.88,44.1,4.863925857875407,226565
1785,2015-02-05,45.46,45.76,44.4,4.809142240659938,230666
1786,2015-02-06,44.96,45.08,43.42,4.728578097696013,324460
1787,2015-02-09,43.68,44.55,43.57,4.706020137666113,235347
1788,2015-02-10,44.25,45.34,43.86,4.825255069252723,243429
1789,2015-02-11,44.97,46.01,44.97,4.889706383623864,224443
1790,2015-02-12,45.44,45.69,44.04,4.870370989312522,286416
1791,2015-02-13,45.22,46.14,45.22,4.9004482693523865,364142
1792,2015-02-17,45.78,45.98,45.14,4.8982998922066825,395102
1793,2015-02-18,45.63,47.6,45.63,5.035796029531783,931488
1794,2015-02-19,53.32,55.44,51.51,5.757650750488557,2326478
1795,2015-02-20,53.47,54.53,52.59,5.700718756127382,577975
1796,2015-02-23,53.12,54.17,53.08,5.7393895447500665,485814
1797,2015-02-24,53.56,54.02,52.72,5.69964456755453,379879
1798,2015-02-25,52.87,52.96,52.18,5.6362674417562415,384441
1799,2015-02-26,52.44,52.55,51.98,5.620154613163456,298751
1800,2015-02-27,52.42,52.65,52.05,5.609412727434933,427670
1801,2015-03-02,52.21,53.72,51.86,5.691051058971711,353644
1802,2015-03-03,53.03,53.03,51.99,5.624451367454866,360023
1803,2015-03-04,52.03,52.5,51.8,5.626599744600571,360035
1804,2015-03-05,52.61,52.99,51.97,5.6405641960476505,267735
1805,2015-03-06,52.34,52.47,51.49,5.546035601636645,309658
1806,2015-03-09,51.74,52.28,51.4,5.53959047019953,256747
1807,2015-03-10,51.41,51.75,50.55,5.522403453033893,321720
1808,2015-03-11,51.54,51.72,50.6,5.490177795848323,213834
1809,2015-03-12,51.31,52.39,51.31,5.606190161716376,231327
1810,2015-03-13,52.35,53.11,51.74,5.628748121746275,220190
1811,2015-03-16,52.79,52.87,52.02,5.616932047444899,221074
1812,2015-03-17,53.79,54.55,53.0,5.716831584720167,573175
1813,2015-03-18,53.22,53.66,51.86,5.664196344650402,351191
1814,2015-03-19,52.7,53.21,52.6,5.693199436117416,213115
1815,2015-03-20,53.38,53.39,52.79,5.680309173243188,361060
1816,2015-03-23,52.83,53.28,52.22,5.620154613163456,388132
1817,2015-03-24,52.32,52.5,52.08,5.602967595997819,261222
1818,2015-03-25,52.3,52.47,51.14,5.514884133023927,311884
1819,2015-03-26,51.24,51.24,50.02,5.467619835818423,212371
1820,2015-03-27,50.91,51.86,50.58,5.470842401536981,190835
1821,2015-03-30,51.14,51.83,50.48,5.504142247295404,359908
1822,2015-03-31,51.0,51.3,49.99,5.419281350040069,222974
1823,2015-04-01,50.27,51.0,49.85,5.446136064361378,199214
1824,2015-04-02,50.83,51.76,50.59,5.509513190159665,183060
1825,2015-04-06,50.82,51.42,50.64,5.454729572944196,118216
1826,2015-04-07,50.82,51.11,49.96,5.3784621842716795,186121
1827,2015-04-08,50.19,51.21,50.19,5.470842401536981,151173
1828,2015-04-09,50.65,51.07,50.04,5.426800670050035,145909
1829,2015-04-10,50.8,51.43,50.7,5.470842401536981,103548
1830,2015-04-13,51.09,51.56,50.94,5.528848584471008,169767
1831,2015-04-14,51.24,51.42,49.9,5.43861674435141,244804
1832,2015-04-15,50.55,51.49,50.39,5.46117470438131,183606
1833,2015-04-16,51.22,52.55,50.69,5.602967595997819,273333
1834,2015-04-17,51.78,52.16,50.31,5.472990778682686,272180
1835,2015-04-20,51.11,52.06,50.66,5.573964504530806,326957
1836,2015-04-21,51.92,51.95,51.19,5.536367904480974,327914
1837,2015-04-22,51.75,52.0,50.27,5.428949047195739,480411
1838,2015-04-23,51.03,53.91,50.29,5.740463733322919,1218106
1839,2015-04-24,51.76,53.9,48.38,5.319381812764801,1618645
1840,2015-04-27,49.79,50.61,48.15,5.2055178240424524,542331
1841,2015-04-28,48.66,49.33,47.7,5.214111332625271,265334
1842,2015-04-29,48.25,48.91,47.28,5.164698658274063,386944
1843,2015-04-30,47.88,48.24,46.73,5.027202520948963,353319
1844,2015-05-01,47.15,48.05,46.92,5.142140698244163,339440
1845,2015-05-04,47.78,48.7,47.78,5.142140698244163,234998
1846,2015-05-05,47.53,48.19,47.16,5.079837761018728,262925
1847,2015-05-06,47.25,47.82,47.0,5.108840852485741,241940
1848,2015-05-07,47.7,48.98,47.69,5.20014688117819,244067
1849,2015-05-08,48.58,49.69,48.35,5.196924315459634,313582
1850,2015-05-11,48.27,48.55,47.53,5.133547189661345,277891
1851,2015-05-12,47.53,47.58,46.24,5.021831578084702,216452
1852,2015-05-13,46.81,47.2,46.35,5.027202520948963,139199
1853,2015-05-14,46.87,46.96,45.87,5.013238069501883,323872
1854,2015-05-15,46.9,46.9,45.7,4.958454452286413,328656
1855,2015-05-18,46.14,47.34,46.13,5.064799120998795,237550
1856,2015-05-19,47.33,47.79,46.99,5.1023957210486275,151904
1857,2015-05-20,47.34,47.36,45.41,4.994976863763393,466214
1858,2015-05-21,46.32,47.24,46.14,4.960602829432118,281849
1859,2015-05-22,46.34,46.71,45.57,4.9004482693523865,212918
1860,2015-05-26,47.26,47.91,45.1,4.8940031379152735,505123
1861,2015-05-27,45.58,46.89,45.58,4.956306075140708,231242
1862,2015-05-28,46.25,47.42,46.18,4.972418903733494,283788
1863,2015-05-29,46.11,46.59,45.45,4.917635286518024,280338
1864,2015-06-01,45.75,46.23,44.92,4.9004482693523865,343459
1865,2015-06-02,45.27,46.2,45.23,4.905819212216649,320274
1866,2015-06-03,46.03,47.66,46.03,5.032573463813225,353384
1867,2015-06-04,46.69,46.71,46.02,4.955231886567857,176306
1868,2015-06-05,46.23,47.14,45.69,5.058353989561682,255445
1869,2015-06-08,46.87,47.36,46.51,5.0529830466974195,190178
1870,2015-06-09,46.82,47.23,46.5,5.005718749491916,145050
1871,2015-06-10,46.72,47.61,46.72,5.041166972396044,331575
1872,2015-06-11,47.06,47.64,46.41,5.026128332376111,175963
1873,2015-06-12,46.99,48.22,46.91,5.134621378234197,462383
1874,2015-06-15,47.52,48.01,46.89,5.119582738214264,239826
1875,2015-06-16,47.44,47.63,45.93,5.019683200938997,528428
1876,2015-06-17,46.97,47.13,46.4,5.046537915260306,265029
1877,2015-06-18,47.15,47.85,47.0,5.1023957210486275,174151
1878,2015-06-19,47.65,47.87,46.72,5.139992321098459,315399
1879,2015-06-22,48.04,48.87,48.04,5.230224161218056,274711
1880,2015-06-23,48.86,48.99,48.34,5.221630652635238,241767
1881,2015-06-24,48.56,49.09,48.35,5.222704841208089,298277
1882,2015-06-25,49.2,49.2,48.23,5.250633744102251,195312
1883,2015-06-26,49.13,49.13,48.4,5.258153064112217,655238
1884,2015-06-29,48.49,48.78,47.64,5.130324623942788,219270
1885,2015-06-30,48.22,48.81,47.84,5.2044436354696,261175
1886,2015-07-01,48.79,49.13,48.34,5.221630652635238,248686
1887,2015-07-02,48.67,48.98,48.2,5.213037144052419,160336
1888,2015-07-06,47.97,48.9,47.67,5.238817669800875,176975
1889,2015-07-07,48.69,49.8,48.39,5.3311978870661765,311718
1890,2015-07-08,49.27,50.39,49.13,5.339791395648995,457069
1891,2015-07-09,50.16,50.74,49.54,5.446136064361378,364015
1892,2015-07-10,50.8,50.8,49.11,5.317233435619096,492008
1893,2015-07-13,49.98,50.24,49.37,5.339791395648995,293991
1894,2015-07-14,49.78,50.01,49.31,5.314010869900539,295791
1895,2015-07-15,49.86,49.86,48.82,5.289304532724935,338852
1896,2015-07-16,49.09,49.42,48.52,5.263524006976478,371246
1897,2015-07-17,48.87,49.23,48.32,5.2076662011881565,265829
1898,2015-07-20,48.7,49.83,48.4,5.292527098443492,419795
1899,2015-07-21,49.46,49.82,48.94,5.3290495099204716,295329
1900,2015-07-22,49.7,50.38,49.25,5.408539464311545,511820
1901,2015-07-23,50.35,50.68,49.46,5.349459092804666,835507
1902,2015-07-24,48.02,51.18,47.29,5.359126789960337,1143910
1903,2015-07-27,50.05,51.21,49.7,5.385981504281646,449778
1904,2015-07-28,50.42,50.42,49.32,5.402094332874431,326266
1905,2015-07-29,49.91,51.48,49.91,5.486955230129766,526860
1906,2015-07-30,50.75,52.05,50.47,5.5352937159081215,423682
1907,2015-07-31,51.6,51.96,51.08,5.538516281626679,344178
1908,2015-08-03,51.73,52.09,51.11,5.522403453033893,239594
1909,2015-08-04,51.2,52.37,51.2,5.567519373093692,309979
1910,2015-08-05,51.0,51.91,50.64,5.524551830179598,645609
1911,2015-08-06,51.74,52.19,48.71,5.258153064112217,736133
1912,2015-08-07,48.92,49.41,48.27,5.25493049839366,572008
1913,2015-08-10,48.5,49.21,47.25,5.092728023892956,448101
1914,2015-08-11,47.29,47.74,46.18,4.982086600889165,566406
1915,2015-08-12,46.02,47.4,46.02,5.059428178134533,520841
1916,2015-08-13,47.22,47.4,46.08,4.973493092306346,426221
1917,2015-08-14,46.12,46.82,46.1,4.960602829432118,302384
1918,2015-08-17,46.25,46.81,45.99,5.006792938064769,248049
1919,2015-08-18,46.99,47.59,46.05,4.983160789462017,272379
1920,2015-08-19,46.25,47.2,46.17,5.018609012366144,212334
1921,2015-08-20,46.57,46.89,45.69,4.913338532226615,254593
1922,2015-08-21,45.1,45.53,44.56,4.802697109222824,349115
1923,2015-08-24,42.78,44.77,41.35,4.717836211967489,542501
1924,2015-08-25,44.18,44.89,43.02,4.6770170461991,366350
1925,2015-08-26,44.56,44.56,42.89,4.732874851987422,413940
1926,2015-08-27,44.25,44.7,43.87,4.768323074891549,338371
1927,2015-08-28,44.42,44.45,43.8,4.754358623444468,259704
1928,2015-08-31,44.17,44.47,42.88,4.6179366746922215,222267
1929,2015-09-01,42.8,43.94,42.75,4.641568823294972,258404
1930,2015-09-02,43.23,43.84,42.82,4.703871760520408,260682
1931,2015-09-03,43.96,44.85,43.94,4.761877943454435,272573
1932,2015-09-04,43.76,44.85,43.76,4.7919552234943,237940
1933,2015-09-08,45.22,45.93,44.55,4.918709475090877,333035
1934,2015-09-09,46.08,46.08,45.31,4.881112875041045,202471
1935,2015-09-10,45.4,45.81,44.91,4.838145332126951,259868
1936,2015-09-11,44.94,45.11,44.08,4.820958314961314,142667
1937,2015-09-14,45.03,45.03,44.16,4.756507000590173,139362
1938,2015-09-15,44.19,44.7,43.56,4.743616737715945,170422
1939,2015-09-16,45.04,45.69,44.52,4.843516274991213,290975
1940,2015-09-17,44.8,46.45,44.72,4.8940031379152735,247076
1941,2015-09-18,45.05,45.74,44.01,4.746839303434502,389480
1942,2015-09-21,44.53,44.89,43.83,4.809142240659938,224098
1943,2015-09-22,44.5,45.16,44.3,4.826329257825575,327667
1944,2015-09-23,44.84,45.31,44.49,4.830626012116984,128563
1945,2015-09-24,44.61,45.0,42.88,4.716762023394636,489320
1946,2015-09-25,44.08,44.52,43.15,4.6404946347221205,268804
1947,2015-09-28,43.24,43.33,41.96,4.526630645999772,258241
1948,2015-09-29,42.07,42.53,41.5,4.532001588864033,350899
1949,2015-09-30,42.66,43.11,42.04,4.62223342898363,234225
1950,2015-10-01,42.72,43.09,41.72,4.525556457426919,240878
1951,2015-10-02,41.91,42.7,41.63,4.577117508923831,222088
1952,2015-10-05,42.62,43.83,42.52,4.702797571947556,228606
1953,2015-10-06,43.74,44.05,42.7,4.599675468953731,207260
1954,2015-10-07,42.64,43.38,42.3,4.638346257576416,222315
1955,2015-10-08,43.21,43.52,42.52,4.593230337516617,174434
1956,2015-10-09,42.61,42.92,42.0,4.552411171748228,198754
1957,2015-10-12,42.47,42.59,42.06,4.543817663165409,274532
1958,2015-10-13,42.38,42.9,41.79,4.524482268854067,243455
1959,2015-10-14,42.25,42.41,41.67,4.497627554532758,194233
1960,2015-10-15,42.11,42.4,41.34,4.5416692860197045,311852
1961,2015-10-16,42.27,42.4,41.71,4.507295251688429,230009
1962,2015-10-19,42.02,42.37,41.33,4.468624463065745,521766
1963,2015-10-20,41.34,42.05,40.91,4.508369440261282,504829
1964,2015-10-21,41.75,42.05,40.33,4.450363257327255,578838
1965,2015-10-22,41.7,42.37,40.87,4.510517817406987,1354945
1966,2015-10-23,46.0,47.95,46.0,5.033647652386077,2041524
1967,2015-10-26,46.64,47.3,45.2,4.8735935550310785,550893
1968,2015-10-27,45.38,45.62,43.78,4.743616737715945,405318
1969,2015-10-28,44.23,44.73,43.83,4.797326166358562,390838
1970,2015-10-29,44.01,44.12,42.6,4.612565731827959,218210
1971,2015-10-30,42.98,43.8,42.65,4.611491543255107,280746
1972,2015-11-02,42.94,44.68,42.94,4.771545640610106,436493
1973,2015-11-03,44.72,45.32,44.2,4.854258160719736,391039
1974,2015-11-04,45.2,45.46,43.86,4.765100509172992,282262
1975,2015-11-05,44.5,44.82,43.71,4.719984589113193,149972
1976,2015-11-06,43.78,44.53,43.54,4.753284434871616,178852
1977,2015-11-09,44.25,44.49,43.09,4.643717200440677,179808
1978,2015-11-10,43.27,44.11,43.17,4.702797571947556,165182
1979,2015-11-11,43.77,44.31,43.31,4.725355531977455,133985
1980,2015-11-12,43.67,44.02,43.22,4.685610554781918,199954
1981,2015-11-13,43.75,43.93,42.19,4.562078868903899,240400
1982,2015-11-16,42.33,43.45,42.16,4.653384897596348,232773
1983,2015-11-17,43.29,43.8,42.42,4.577117508923831,224782
1984,2015-11-18,42.94,43.44,42.25,4.600749657526583,227069
1985,2015-11-19,42.98,43.97,42.86,4.682387989063361,289835
1986,2015-11-20,43.88,44.64,43.71,4.714613646248932,276413
1987,2015-11-23,43.49,44.82,43.49,4.797326166358562,200603
1988,2015-11-24,44.23,45.13,44.04,4.838145332126951,132860
1989,2015-11-25,45.24,46.28,44.86,4.955231886567857,194812
1990,2015-11-27,46.14,46.38,45.82,4.938044869402219,77469
1991,2015-11-30,46.32,46.74,45.77,4.919783663663729,296518
1992,2015-12-01,45.82,46.28,44.9,4.834922766408393,631770
1993,2015-12-02,44.87,45.65,44.87,4.841367897845508,197352
1994,2015-12-03,45.04,45.53,43.97,4.746839303434502,264331
1995,2015-12-04,44.2,45.05,44.06,4.77799077204722,252788
1996,2015-12-07,44.55,45.38,43.99,4.834922766408393,311161
1997,2015-12-08,44.56,45.09,44.16,4.818809937815609,300450
1998,2015-12-09,45.09,45.86,44.56,4.858554915011145,347680
1999,2015-12-10,45.12,45.34,43.97,4.779064960620072,375294
2000,2015-12-11,43.93,44.56,43.83,4.724281343404602,248665
2001,2015-12-14,44.07,44.59,43.36,4.6737944804805425,406570
2002,2015-12-15,43.64,44.14,43.22,4.668423537616281,307159
2003,2015-12-16,43.86,44.7,43.06,4.680239611917656,207586
2004,2015-12-17,43.68,44.1,43.02,4.643717200440677,410358
2005,2015-12-18,43.23,43.54,42.56,4.619010863265073,672337
2006,2015-12-21,43.03,44.69,43.02,4.796251977785709,320803
2007,2015-12-22,44.8,45.0,44.01,4.817735749242757,255332
2008,2015-12-23,44.72,45.26,44.53,4.818809937815609,137749
2009,2015-12-24,44.96,45.11,44.6,4.808068052087085,78195
2010,2015-12-28,44.7,45.03,43.97,4.776916583474367,242776
2011,2015-12-29,44.62,45.29,44.25,4.81021642923279,261392
2012,2015-12-30,44.45,44.81,43.98,4.727503909123159,179488
2013,2015-12-31,43.97,44.31,43.38,4.6694977261891335,266590
2014,2016-01-04,41.73,42.69,38.85,4.509443628834134,598511
2015,2016-01-05,41.92,42.62,41.19,4.427805297297356,519012
2016,2016-01-06,40.75,41.06,40.11,4.380541000091854,446226
2017,2016-01-07,40.24,40.58,39.04,4.245193239912458,577514
2018,2016-01-08,39.55,41.59,39.5,4.405247337267457,532432
2019,2016-01-11,41.17,41.6,40.8,4.428879485870208,288754
2020,2016-01-12,41.15,41.72,39.36,4.453585823045812,650455
2021,2016-01-13,41.27,42.27,41.2,4.48473729165853,428405
2022,2016-01-14,42.04,42.7,40.62,4.555633737466785,347559
2023,2016-01-15,41.53,41.91,40.63,4.471847028784302,248525
2024,2016-01-19,41.74,41.84,39.86,4.340796022896316,325178
2025,2016-01-20,39.89,41.16,38.49,4.381615188664705,531538
2026,2016-01-21,40.71,41.71,40.17,4.444992314462994,297563
2027,2016-01-22,41.79,42.68,41.53,4.5663756231953085,324872
2028,2016-01-25,42.94,42.94,41.07,4.425656920151652,348424
2029,2016-01-26,41.26,42.62,41.25,4.547040228883966,242119
2030,2016-01-27,42.09,42.58,41.34,4.4696986516385975,155972
2031,2016-01-28,41.84,42.31,41.65,4.48473729165853,204977
2032,2016-01-29,41.98,43.33,41.71,4.607194788963698,313029
2033,2016-02-01,42.63,43.24,41.91,4.540595097446852,363352
2034,2016-02-02,41.98,41.99,41.07,4.43854718302588,248112
2035,2016-02-03,41.65,41.88,40.04,4.328979948594941,217623
2036,2016-02-04,40.38,41.26,39.93,4.425656920151652,147142
2037,2016-02-05,41.21,41.58,40.33,4.408469902986014,350387
2038,2016-02-08,40.64,40.66,39.26,4.316089685720713,277644
2039,2016-02-09,39.91,41.6,39.54,4.375170057227591,310757
2040,2016-02-10,40.99,41.32,40.44,4.379466811519001,231163
2041,2016-02-11,40.26,40.98,39.75,4.374095868654739,217624
2042,2016-02-12,41.07,42.27,40.84,4.500850120251315,207932
2043,2016-02-16,42.09,43.32,41.79,4.648013954732087,196309
2044,2016-02-17,43.19,44.13,43.19,4.729652286268864,355459
2045,2016-02-18,43.61,44.19,43.24,4.6770170461991,365213
2046,2016-02-19,44.01,45.44,42.66,4.8445904635640655,634472
2047,2016-02-22,45.35,45.6,44.52,4.814513183524199,240838
2048,2016-02-23,44.81,45.99,44.56,4.811290617805643,432972
2049,2016-02-24,44.45,44.48,42.98,4.630826937566449,593234
2050,2016-02-25,43.5,44.22,43.16,4.678091234771951,483727
2051,2016-02-26,43.7,45.85,43.63,4.862851669302556,369910
2052,2016-02-29,45.22,46.17,43.94,4.735023229133126,1635674
2053,2016-03-01,44.29,45.49,43.65,4.886483817905306,679316
2054,2016-03-02,45.39,45.81,45.11,4.918709475090877,299624
2055,2016-03-03,45.85,45.85,45.08,4.907967589362353,282335
2056,2016-03-04,45.72,46.3,45.34,4.972418903733494,402975
2057,2016-03-07,46.16,46.99,46.16,4.972418903733494,342968
2058,2016-03-08,45.99,46.46,45.23,4.863925857875407,394138
2059,2016-03-09,45.57,45.79,44.28,4.77369401775581,289973
2060,2016-03-10,44.78,45.23,44.2,4.811290617805643,304853
2061,2016-03-11,45.0,45.16,44.79,4.842442086418361,250940
2062,2016-03-14,45.07,45.75,44.71,4.823106692107018,169368
2063,2016-03-15,44.73,44.73,43.49,4.686684743354771,280243
2064,2016-03-16,43.24,43.48,42.85,4.62223342898363,334178
2065,2016-03-17,42.84,43.53,42.57,4.629752748993597,566477
2066,2016-03-18,43.32,43.9,42.84,4.693129874791884,696937
2067,2016-03-21,43.64,44.29,42.93,4.659830029033462,165016
2068,2016-03-22,43.03,43.15,42.61,4.584636828933798,290769
2069,2016-03-23,42.67,42.67,41.87,4.501924308824168,174139
2070,2016-03-24,41.58,42.27,40.97,4.457882577337222,194724
2071,2016-03-28,41.7,42.28,41.18,4.493330800241349,239373
2072,2016-03-29,41.92,42.86,41.76,4.582488451788093,373675
2073,2016-03-30,42.78,43.46,42.41,4.573894943205275,360715
2074,2016-03-31,42.59,43.31,41.43,4.4654018973471885,537186
2075,2016-04-01,41.32,42.93,41.32,4.530927400291181,459434
2076,2016-04-04,42.3,42.5,41.57,4.563153057476751,279281
2077,2016-04-05,42.02,42.18,41.49,4.4922566116684965,267864
2078,2016-04-06,41.72,42.08,41.72,4.504072685969873,162680
2079,2016-04-07,41.81,42.07,41.28,4.453585823045812,276850
2080,2016-04-08,41.58,43.0,41.58,4.518037137416953,367885
2081,2016-04-11,42.41,42.61,41.85,4.498701743105611,189695
2082,2016-04-12,41.81,43.15,41.76,4.627604371847892,334701
2083,2016-04-13,43.12,43.38,42.49,4.607194788963698,282309
2084,2016-04-14,42.96,43.58,42.31,4.641568823294972,242313
2085,2016-04-15,42.94,43.51,42.59,4.635123691857858,194640
2086,2016-04-18,43.17,43.53,43.04,4.628678560420744,231003
2087,2016-04-19,43.0,43.25,42.57,4.612565731827959,332826
2088,2016-04-20,42.96,43.03,42.23,4.539520908874,249265
2089,2016-04-21,42.39,42.39,40.75,4.382689377237558,742453
2090,2016-04-22,42.72,45.56,42.06,4.78228752633863,1148996
2091,2016-04-25,44.36,44.74,44.2,4.751136057725911,423175
2092,2016-04-26,44.16,45.03,44.11,4.827403446398427,263910
2093,2016-04-27,44.76,45.5,44.22,4.780139149192925,200067
2094,2016-04-28,44.22,44.9,44.1,4.767248886318697,199510
2095,2016-04-29,44.44,44.67,44.08,4.790881034921448,246900
2096,2016-05-02,44.84,45.09,44.4,4.8241808806798705,271374
2097,2016-05-03,44.75,45.2,44.58,4.818809937815609,305356
2098,2016-05-04,44.79,45.11,44.46,4.811290617805643,231287
2099,2016-05-05,44.88,45.27,44.42,4.788732657775743,169593
2100,2016-05-06,44.51,45.45,43.48,4.779064960620072,282803
2101,2016-05-09,44.34,45.2,44.04,4.820958314961314,258423
2102,2016-05-10,44.9,45.28,44.19,4.854258160719736,192320
2103,2016-05-11,45.03,45.18,43.88,4.718910400540341,136806
2104,2016-05-12,44.17,44.47,43.6,4.711391080530374,166836
2105,2016-05-13,43.72,44.24,43.4,4.682387989063361,142837
2106,2016-05-16,43.58,44.12,43.4,4.7232071548317505,161129
2107,2016-05-17,43.76,44.17,42.89,4.626530183275039,215315
2108,2016-05-18,43.05,43.15,42.5,4.5953787146623215,190762
2109,2016-05-19,42.51,43.12,41.84,4.578191697496684,190558
2110,2016-05-20,42.78,43.29,42.46,4.636197880430711,173486
2111,2016-05-23,43.15,43.47,42.88,4.613639920400812,156485
2112,2016-05-24,43.04,43.93,42.87,4.693129874791884,122999
2113,2016-05-25,43.64,44.0,43.3,4.6770170461991,123011
2114,2016-05-26,43.63,44.3,43.23,4.752210246298763,161944
2115,2016-05-27,44.14,45.2,44.14,4.800548732077119,181502
2116,2016-05-31,44.48,45.24,43.51,4.812364806378494,376072
2117,2016-06-01,44.86,45.78,44.83,4.882187063613897,507479
2118,2016-06-02,45.14,46.25,45.02,4.9541576979950035,524961
2119,2016-06-03,45.84,46.47,45.37,4.943415812266481,255109
2120,2016-06-06,45.96,47.36,45.93,5.03042508666752,312881
2121,2016-06-07,46.89,47.02,46.22,4.9971252409090985,194505
2122,2016-06-08,46.74,47.55,46.35,5.087357081028695,393250
2123,2016-06-09,47.36,47.5,46.2,5.0529830466974195,177630
2124,2016-06-10,46.81,47.09,46.12,4.987457543753426,135786
2125,2016-06-13,46.16,46.76,46.0,4.945564189412186,125252
2126,2016-06-14,45.89,46.81,45.77,5.017534823793293,190878
2127,2016-06-15,46.74,46.74,45.98,4.953083509422152,200257
2128,2016-06-16,45.96,46.41,45.63,4.982086600889165,180399
2129,2016-06-17,46.35,46.54,45.76,4.939119057975071,313082
2130,2016-06-20,46.42,46.9,45.88,4.9477125665578905,247067
2131,2016-06-21,46.19,46.19,45.37,4.899374080779534,142669
2132,2016-06-22,45.5,45.8,45.17,4.875741932176783,138148
2133,2016-06-23,45.61,46.43,45.26,4.920857852236582,227525
2134,2016-06-24,44.85,45.85,42.62,4.87896449789534,683571
2135,2016-06-27,44.9,45.0,43.68,4.692055686219033,246159
2136,2016-06-28,43.88,44.26,43.3,4.6770170461991,271702
2137,2016-06-29,43.85,44.55,43.74,4.707094326238965,319312
2138,2016-06-30,43.77,44.42,43.11,4.708168514811818,417442
2139,2016-07-01,43.69,44.16,43.18,4.688833120500475,181123
2140,2016-07-05,43.35,43.6,42.68,4.611491543255107,221643
2141,2016-07-06,42.67,43.46,42.57,4.62223342898363,259532
2142,2016-07-07,43.14,43.45,42.66,4.586785206079504,229756
2143,2016-07-08,43.05,43.98,43.05,4.678091234771951,273888
2144,2016-07-11,43.64,44.38,43.47,4.7500618691530585,171215
2145,2016-07-12,44.63,44.75,44.21,4.77369401775581,292936
2146,2016-07-13,44.68,44.75,44.19,4.758655377735877,152001
2147,2016-07-14,44.48,44.72,44.39,4.780139149192925,124882
2148,2016-07-15,44.73,44.73,43.97,4.736097417705979,143421
2149,2016-07-18,44.13,44.86,44.0,4.761877943454435,127749
2150,2016-07-19,44.18,44.68,44.1,4.743616737715945,140690
2151,2016-07-20,44.25,44.45,44.08,4.738245794851683,115341
2152,2016-07-21,44.14,44.14,43.16,4.661978406179167,257033
2153,2016-07-22,43.39,44.51,43.24,4.76402632060014,233728
2154,2016-07-25,44.35,45.05,43.94,4.815587372097052,244605
2155,2016-07-26,43.27,43.41,41.32,4.579265886069536,738828
2156,2016-07-27,42.0,42.0,38.29,4.171074228385646,1185531
2157,2016-07-28,38.62,40.05,38.6,4.205448262716921,483828
2158,2016-07-29,39.27,39.43,38.52,4.172148416958499,407244
2159,2016-08-01,38.76,39.68,38.76,4.224783657028263,454103
2160,2016-08-02,39.16,39.23,38.46,4.165703285521385,418753
2161,2016-08-03,39.37,40.18,39.25,4.238748108475344,490290
2162,2016-08-04,39.6,39.79,39.12,4.2118933941540355,313267
2163,2016-08-05,39.5,40.57,39.29,4.355834662916249,391765
2164,2016-08-08,40.52,40.95,40.31,4.349389531479136,258612
2165,2016-08-09,40.33,41.12,40.2,4.363353982926215,262358
2166,2016-08-10,40.53,41.02,39.86,4.286012405680847,185304
2167,2016-08-11,39.92,40.96,39.92,4.395579640111786,447780
2168,2016-08-12,40.98,41.2,40.52,4.375170057227591,308882
2169,2016-08-15,40.63,40.92,40.34,4.353686285770545,215530
2170,2016-08-16,40.59,40.79,40.22,4.377318434373296,306770
2171,2016-08-17,40.63,40.95,40.45,4.389134508674672,309951
2172,2016-08-18,40.78,41.19,40.71,4.385911942956114,261387
2173,2016-08-19,40.74,40.81,40.41,4.342944400042021,147314
2174,2016-08-22,40.29,40.9,40.22,4.3418702114691685,127547
2175,2016-08-23,40.39,40.55,40.1,4.338647645750612,126882
2176,2016-08-24,40.37,40.78,40.1,4.326831571449236,159523
2177,2016-08-25,40.2,40.4,39.83,4.330054137167793,224736
2178,2016-08-26,40.34,40.59,39.63,4.293531725690813,222756
2179,2016-08-29,40.16,40.79,40.02,4.305347799992189,108625
2180,2016-08-30,40.0,40.39,39.85,4.292457537117961,138012
2181,2016-08-31,39.82,40.18,39.3,4.266677011369505,225751
2182,2016-09-01,39.82,40.08,39.0,4.212967582726887,318160
2183,2016-09-02,39.27,39.81,39.17,4.26023187993239,151725
2184,2016-09-06,39.87,39.91,39.51,4.258083502786686,145641
2185,2016-09-07,39.69,39.95,39.4,4.281715651389438,313359
2186,2016-09-08,39.73,39.79,38.74,4.182890302687022,246473
2187,2016-09-09,38.02,38.78,38.02,4.102326159723096,382039
2188,2016-09-12,37.99,38.52,37.7,4.095881028285983,384526
2189,2016-09-13,37.86,38.28,37.77,4.079768199693197,187442
2190,2016-09-14,37.87,38.21,37.44,4.027132959623432,148371
2191,2016-09-15,37.44,37.57,36.75,3.951939759523768,294347
2192,2016-09-16,36.89,37.27,36.84,3.9583848909608825,278868
2193,2016-09-19,36.92,37.6,36.91,4.032503902487694,234781
2194,2016-09-20,37.61,38.2,37.24,4.016391073894909,216202
2195,2016-09-21,37.33,37.61,36.93,3.9863137938550435,277568
2196,2016-09-22,37.17,37.37,36.96,3.9895363595736004,303075
2197,2016-09-23,36.98,37.96,36.96,4.069026313964674,399256
2198,2016-09-26,37.64,37.73,37.04,3.982017039563634,154238
2199,2016-09-27,37.19,37.19,36.07,3.9057496508911176,401534
2200,2016-09-28,36.31,36.31,35.2,3.8165919993443733,572688
2201,2016-09-29,35.29,35.67,34.83,3.7639567592746084,520781
2202,2016-09-30,35.03,35.7,34.99,3.818740376490078,547139
2203,2016-10-03,35.54,36.18,35.35,3.8842658794340705,299112
2204,2016-10-04,36.4,36.78,36.27,3.900378708026856,248075
2205,2016-10-05,36.36,36.73,36.23,3.929381799493869,276272
2206,2016-10-06,36.39,36.54,35.34,3.8015533593244406,494538
2207,2016-10-07,35.39,35.65,35.22,3.7994049821787357,409252
2208,2016-10-10,35.64,36.2,35.64,3.84237252509283,302430
2209,2016-10-11,35.89,36.08,34.64,3.778995399294541,346195
2210,2016-10-12,35.05,35.55,35.02,3.775772833575984,171870
2211,2016-10-13,34.9,35.06,34.56,3.71884083921481,203879
2212,2016-10-14,34.53,35.29,34.41,3.747843930681823,470498
2213,2016-10-17,34.88,35.55,34.76,3.7661051364203133,447884
2214,2016-10-18,35.43,35.92,35.22,3.8047759250429976,386243
2215,2016-10-19,35.38,35.87,35.35,3.8337790165100105,1009911
2216,2016-10-20,32.47,35.05,32.24,3.7005796334763206,2836673
2217,2016-10-21,34.45,34.58,33.97,3.687689370602092,902640
2218,2016-10-24,34.6,34.89,34.12,3.6823184277378305,387462
2219,2016-10-25,34.1,34.13,33.72,3.638276696250884,405784
2220,2016-10-26,33.93,33.98,33.22,3.614644547648133,426570
2221,2016-10-27,34.64,34.77,34.19,3.7317311020890385,441635
2222,2016-10-28,34.76,36.17,34.76,3.8670788622684333,659644
2223,2016-10-31,36.15,36.4,35.7,3.877820747996957,444137
2224,2016-11-01,35.75,36.5,35.01,3.8885626337254804,371618
2225,2016-11-02,36.0,36.2,35.25,3.8241113193543397,468635
2226,2016-11-03,35.8,36.25,35.2,3.818740376490078,320352
2227,2016-11-04,35.7,36.1,35.35,3.8133694336258164,506935
2228,2016-11-07,35.95,36.5,35.75,3.850966033675648,309004
2229,2016-11-08,35.7,36.25,35.65,3.8724498051326948,231112
2230,2016-11-09,35.4,38.0,35.16,4.055061862517594,551914
2231,2016-11-10,38.05,39.2,37.9,4.157109776938566,558519
2232,2016-11-11,38.9,39.7,38.85,4.2161901484454445,368430
2233,2016-11-14,39.55,40.05,39.25,4.23230297703823,436470
2234,2016-11-15,39.35,39.45,38.4,4.1624807198028275,278393
2235,2016-11-16,38.85,39.1,38.15,4.119513176888734,253548
2236,2016-11-17,38.3,38.85,38.15,4.114142234024472,371790
2237,2016-11-18,38.35,38.8,38.05,4.135626005481519,423645
2238,2016-11-21,38.5,39.05,38.35,4.178593548395613,197095
2239,2016-11-22,39.1,39.55,38.9,4.205448262716921,264623
2240,2016-11-23,39.25,39.68,39.0,4.205448262716921,234730
2241,2016-11-25,39.25,39.7,39.11,4.237673919902492,83577
2242,2016-11-28,39.35,39.55,38.72,4.1624807198028275,549472
2243,2016-11-29,38.85,39.02,37.9,4.071174691110378,291017
2244,2016-11-30,37.9,37.95,37.05,3.985239605282191,223784
2245,2016-12-01,37.4,37.9,37.0,4.04431997678907,341485
2246,2016-12-02,37.45,37.85,37.25,4.022836205332023,148510
2247,2016-12-05,37.6,37.95,37.6,4.055061862517594,144570
2248,2016-12-06,37.9,38.25,37.44,4.071174691110378,209672
2249,2016-12-07,38.05,38.75,37.85,4.151738834074304,243736
2250,2016-12-08,38.75,39.8,38.6,4.2698995770880614,252775
2251,2016-12-09,39.9,39.95,39.55,4.280641462816585,160291
2252,2016-12-12,39.85,39.95,39.02,4.23230297703823,254867
2253,2016-12-13,39.65,39.75,38.75,4.1893354341241364,232689
2254,2016-12-14,38.95,39.15,38.35,4.130255062617257,212554
2255,2016-12-15,38.6,39.0,38.2,4.130255062617257,264867
2256,2016-12-16,38.6,39.65,38.6,4.226932034173968,593270
2257,2016-12-19,39.5,39.7,37.9,4.098029405431687,456098
2258,2016-12-20,38.35,39.1,38.2,4.124884119752996,254562
2259,2016-12-21,38.45,39.3,38.2,4.167851662667089,263577
2260,2016-12-22,38.95,39.4,38.6,4.151738834074304,284107
2261,2016-12-23,38.65,39.45,38.65,4.173222605531351,290096
2262,2016-12-27,38.8,40.0,38.7,4.291383348545109,223318
2263,2016-12-28,39.9,40.05,39.35,4.248415805631015,252827
2264,2016-12-29,39.65,40.3,39.55,4.3128671200021556,231319
2265,2016-12-30,40.1,40.15,38.95,4.221561091309706,279275
2266,2017-01-03,39.35,39.65,38.1,4.103400348295949,425238
2267,2017-01-04,38.35,39.02,38.05,4.183964491259875,329014
2268,2017-01-05,37.4,37.6,36.3,3.9046754623182656,774288
2269,2017-01-06,36.45,36.55,35.5,3.8563369765399096,556613
2270,2017-01-09,35.75,35.9,35.3,3.8026275478972926,269210
2271,2017-01-10,35.5,36.05,35.25,3.8455950908113863,229125
2272,2017-01-11,35.85,36.42,35.6,3.8993045194540032,348522
2273,2017-01-12,36.1,36.45,36.0,3.8724498051326948,243512
2274,2017-01-13,36.15,36.4,35.35,3.861707919404172,328763
2275,2017-01-17,35.8,36.45,35.45,3.818740376490078,285936
2276,2017-01-18,35.4,36.0,35.1,3.8563369765399096,331779
2277,2017-01-19,35.8,36.12,35.15,3.781143776440246,281599
2278,2017-01-20,35.2,36.0,34.7,3.7542890621189375,510469
2279,2017-01-23,34.95,35.98,34.85,3.8455950908113863,342032
2280,2017-01-24,35.9,36.1,35.55,3.8563369765399096,142655
2281,2017-01-25,35.95,36.3,35.55,3.8670788622684333,325824
2282,2017-01-26,35.8,36.2,35.5,3.818740376490078,229358
2283,2017-01-27,35.55,35.75,34.7,3.781143776440246,187349
2284,2017-01-30,35.0,35.35,34.8,3.781143776440246,405378
2285,2017-01-31,35.1,35.65,34.85,3.818740376490078,401445
2286,2017-02-01,35.6,35.65,34.7,3.727434347797629,174618
2287,2017-02-02,34.6,35.05,34.6,3.727434347797629,163577
2288,2017-02-03,34.95,35.08,34.58,3.759660004983199,228234
2289,2017-02-06,35.25,35.55,34.65,3.7435471763904142,290163
2290,2017-02-07,34.85,35.3,34.8,3.7542890621189375,153597
2291,2017-02-08,34.85,35.75,34.7,3.829482262218601,249601
2292,2017-02-09,35.65,36.6,35.65,3.8831916908612185,291335
2293,2017-02-10,36.3,37.45,36.3,4.017465262467761,399414
2294,2017-02-13,37.6,37.77,36.9,4.001352433874976,256410
2295,2017-02-14,37.0,37.45,36.9,4.006723376739237,333564
2296,2017-02-15,37.15,37.4,36.5,4.006723376739237,275217
2297,2017-02-16,37.3,37.65,36.37,3.9959814910107148,272199
2298,2017-02-17,37.15,37.35,36.75,4.006723376739237,402518
2299,2017-02-21,37.45,37.7,36.95,4.001352433874976,297794
2300,2017-02-22,36.95,37.0,35.75,3.861707919404172,386235
2301,2017-02-23,35.9,35.9,35.05,3.829482262218601,601703
2302,2017-02-24,37.4,37.75,35.95,4.001352433874976,1246772
2303,2017-02-27,37.45,37.95,37.05,4.006723376739237,497269
2304,2017-02-28,37.25,37.3,36.35,3.9046754623182656,447309
2305,2017-03-01,36.85,37.28,36.65,3.9476430052323592,434265
2306,2017-03-02,36.55,37.48,36.55,3.9906105481464524,337402
2307,2017-03-03,37.15,37.55,36.95,4.006723376739237,285230
2308,2017-03-06,37.25,38.4,36.95,4.087287519703163,442617
2309,2017-03-07,38.15,38.4,37.92,4.098029405431687,307840
2310,2017-03-08,38.2,38.4,37.75,4.081916576838902,277536
2311,2017-03-09,37.9,38.0,37.2,4.055061862517594,204813
2312,2017-03-10,37.85,38.35,37.82,4.098029405431687,350725
2313,2017-03-13,38.5,38.9,38.05,4.124884119752996,533016
2314,2017-03-14,38.4,38.9,38.02,4.124884119752996,320368
2315,2017-03-15,38.5,39.2,38.5,4.178593548395613,336984
2316,2017-03-16,39.1,39.25,38.7,4.1624807198028275,268083
2317,2017-03-17,38.75,39.25,38.5,4.205448262716921,377673
2318,2017-03-20,39.25,39.7,38.55,4.151738834074304,216648
2319,2017-03-21,38.75,39.1,37.9,4.07654563397464,191554
2320,2017-03-22,37.9,38.6,37.85,4.108771291160211,189412
2321,2017-03-23,38.25,39.15,37.9,4.124884119752996,177204
2322,2017-03-24,38.45,39.0,38.3,4.124884119752996,185309
2323,2017-03-27,38.2,38.6,38.05,4.135626005481519,310811
2324,2017-03-28,38.5,39.35,38.3,4.221561091309706,294337
2325,2017-03-29,39.15,39.9,39.15,4.226932034173968,338813
2326,2017-03-30,39.35,39.9,39.25,4.2698995770880614,283549
2327,2017-03-31,39.8,40.4,39.65,4.339721834323464,478662
2328,2017-04-03,40.55,40.85,39.85,4.307496177137894,237363
2329,2017-04-04,40.0,40.28,39.55,4.286012405680847,213040
2330,2017-04-05,40.2,40.7,39.85,4.286012405680847,268317
2331,2017-04-06,39.75,40.5,39.75,4.339721834323464,234080
2332,2017-04-07,40.25,40.6,40.0,4.307496177137894,228025
2333,2017-04-10,40.2,40.65,40.05,4.323609005730679,134437
2334,2017-04-11,40.25,40.7,40.2,4.361205605780511,145120
2335,2017-04-12,40.45,41.4,40.13,4.436398805880175,619246
2336,2017-04-13,41.2,41.35,40.75,4.431027863015913,356377
2337,2017-04-17,41.45,41.62,41.15,4.452511634472961,306305
2338,2017-04-18,41.45,41.65,41.0,4.468624463065745,585465
2339,2017-04-19,41.45,41.85,40.95,4.431027863015913,386105
2340,2017-04-20,42.9,42.9,42.11,4.581414263215241,587530
2341,2017-04-21,42.7,42.82,42.25,4.5706723774867175,278183
2342,2017-04-24,43.1,43.3,42.6,4.619010863265073,280457
2343,2017-04-25,43.4,43.5,42.95,4.629752748993597,296960
2344,2017-04-26,43.1,43.6,43.1,4.651236520450643,400826
2345,2017-04-27,43.3,43.55,42.3,4.5706723774867175,606916
2346,2017-04-28,46.35,47.55,44.75,4.8445904635640655,883874
2347,2017-05-01,45.2,45.7,43.6,4.89292894934242,510814
2348,2017-05-02,45.6,46.65,43.65,4.994976863763393,459530
2349,2017-05-03,46.25,46.62,46.05,4.978864035170608,322225
2350,2017-05-04,46.35,46.5,44.4,4.930525549392252,450609
2351,2017-05-05,46.0,46.4,45.78,4.9520093208492995,249297
2352,2017-05-08,46.1,46.35,45.62,4.909041777935206,163328
2353,2017-05-09,45.7,46.0,45.5,4.909041777935206,225817
2354,2017-05-10,45.55,45.85,45.3,4.914412720799468,211313
2355,2017-05-11,45.55,45.8,44.85,4.876816120749635,400022
2356,2017-05-12,45.3,45.3,44.5,4.785510092057186,269696
2357,2017-05-15,44.55,44.65,43.75,4.710316891957523,603821
2358,2017-05-16,43.8,44.9,43.65,4.76402632060014,347701
2359,2017-05-17,44.15,44.7,43.55,4.721058777686046,536806
2360,2017-05-18,44.1,45.1,44.1,4.82847763497128,482281
2361,2017-05-19,45.1,46.75,44.88,5.021831578084702,749268
2362,2017-05-22,46.55,46.62,45.8,4.946638377985037,430655
2363,2017-05-23,46.25,46.45,45.22,4.887558006478159,365721
2364,2017-05-24,45.5,45.85,45.3,4.919783663663729,445403
2365,2017-05-25,45.8,46.35,45.5,4.946638377985037,294467
2366,2017-05-26,46.0,46.35,45.0,4.887558006478159,221064
2367,2017-05-30,45.5,45.55,44.6,4.817735749242757,307994
2368,2017-05-31,44.75,44.8,43.85,4.812364806378494,359407
2369,2017-06-01,44.9,45.0,44.2,4.774768206328663,253062
2370,2017-06-02,44.5,44.95,44.05,4.812364806378494,551995
2371,2017-06-05,44.85,44.85,43.01,4.753284434871616,211449
2372,2017-06-06,44.05,44.2,43.72,4.710316891957523,188817
2373,2017-06-07,43.85,43.98,43.1,4.6404946347221205,314119
2374,2017-06-08,42.95,43.6,42.85,4.683462177636214,445726
2375,2017-06-09,43.55,43.7,43.12,4.667349349043429,542606
2376,2017-06-12,42.55,42.85,39.95,4.355834662916249,1141556
2377,2017-06-13,40.5,40.82,39.0,4.318238062866418,1059567
2378,2017-06-14,40.25,40.7,40.05,4.361205605780511,624192
2379,2017-06-15,40.25,40.25,38.85,4.237673919902492,453966
2380,2017-06-16,39.1,39.28,38.7,4.157109776938566,548962
2381,2017-06-19,38.75,39.9,38.7,4.275270519952323,891729
2382,2017-06-20,39.75,39.75,37.45,4.028207148196285,592949
2383,2017-06-21,37.6,38.25,35.6,3.963755833825144,1309865
2384,2017-06-22,37.0,38.0,36.66,4.04431997678907,728127
2385,2017-06-23,37.6,37.75,36.62,3.9744977195536677,608879
2386,2017-06-26,37.05,37.42,36.78,3.9959814910107148,306961
2387,2017-06-27,37.25,38.05,37.25,4.049690919653332,354880
2388,2017-06-28,37.85,38.05,37.6,4.055061862517594,357655
2389,2017-06-29,37.8,37.92,37.3,4.033578091060546,301714
2390,2017-06-30,37.65,37.85,37.2,4.001352433874976,267373
2391,2017-07-03,37.25,37.35,37.0,3.9906105481464524,102938
2392,2017-07-05,37.1,37.15,36.12,3.910046405182527,444461
2393,2017-07-06,36.25,36.3,35.7,3.850966033675648,450846
2394,2017-07-07,35.5,35.8,34.85,3.7542890621189375,538532
2395,2017-07-10,34.85,35.05,34.2,3.7328052906618905,697154
2396,2017-07-11,34.85,35.45,34.45,3.791885662168769,523725
2397,2017-07-12,35.45,36.2,35.4,3.8831916908612185,653924
2398,2017-07-13,36.25,36.99,35.2,3.8026275478972926,405641
2399,2017-07-14,36.55,36.9,35.18,3.807998490761555,716874
2400,2017-07-17,35.5,36.45,35.3,3.840224147947125,626778
2401,2017-07-18,35.55,35.72,34.3,3.727434347797629,687637
2402,2017-07-19,34.6,35.05,34.45,3.7166924620691053,618218
2403,2017-07-20,34.7,34.82,34.2,3.6790958620192735,368310
2404,2017-07-21,34.45,35.0,33.95,3.7542890621189375,1202859
2405,2017-07-24,34.9,36.5,34.65,3.893933576589742,1027956
2406,2017-07-25,36.25,36.5,35.1,3.8327048279371585,862477
2407,2017-07-26,35.75,35.75,34.5,3.727434347797629,811008
2408,2017-07-27,34.7,34.75,33.15,3.6790958620192735,1492002
2409,2017-07-28,32.5,35.45,30.4,3.757511627837494,2226320
2410,2017-07-31,35.0,35.4,34.35,3.791885662168769,696955
2411,2017-08-01,35.4,35.4,33.92,3.7328052906618905,818957
2412,2017-08-02,34.7,34.85,33.9,3.6414992619694413,503462
2413,2017-08-03,33.95,34.25,32.6,3.5233385189556836,738866
2414,2017-08-04,32.9,33.55,32.35,3.582418890462563,837461
2415,2017-08-07,33.7,33.7,32.82,3.550193233276992,559194
2416,2017-08-08,33.0,33.15,32.0,3.5233385189556836,866998
2417,2017-08-09,32.75,33.2,31.7,3.5448222904127307,695213
2418,2017-08-10,32.95,33.25,32.68,3.550193233276992,416650
2419,2017-08-11,33.0,33.15,32.72,3.555564176141254,359086
2420,2017-08-14,33.25,33.52,32.9,3.571677004734039,398401
2421,2017-08-15,33.25,33.3,32.85,3.534080404684207,300691
2422,2017-08-16,33.0,33.75,32.9,3.5448222904127307,377347
2423,2017-08-17,33.0,33.8,32.85,3.534080404684207,617203
2424,2017-08-18,32.75,32.9,32.12,3.469629090313066,386300
2425,2017-08-21,32.3,32.35,31.65,3.421290604534711,333890
2426,2017-08-22,32.0,32.15,31.6,3.4320324902632344,405528
2427,2017-08-23,31.9,31.95,31.45,3.3836940044848793,499548
2428,2017-08-24,31.6,32.25,31.35,3.367581175892094,336869
2429,2017-08-25,31.35,32.0,31.3,3.3729521187563556,399701
2430,2017-08-28,31.35,31.55,30.85,3.3729521187563556,648376
2431,2017-08-29,31.3,31.45,30.25,3.270904204335383,545084
2432,2017-08-30,30.35,31.0,30.15,3.2923879757924297,520129
2433,2017-08-31,30.65,30.8,30.02,3.2333076042855513,689992
2434,2017-09-01,30.25,30.85,30.25,3.276275147199645,341431
2435,2017-09-05,30.45,30.55,29.35,3.1903400613714576,558746
2436,2017-09-06,29.7,29.88,28.8,3.10440497554327,421384
2437,2017-09-07,28.85,29.62,28.02,3.018469889715083,447359
2438,2017-09-08,28.05,28.75,28.0,3.029211775443606,401775
2439,2017-09-11,28.3,29.0,28.3,3.050695546900653,354642
2440,2017-09-12,28.3,29.4,28.25,3.1312596898645784,311125
2441,2017-09-13,29.25,30.2,29.2,3.1903400613714576,464703
2442,2017-09-14,29.55,29.6,28.58,3.10440497554327,312468
2443,2017-09-15,28.75,29.6,28.7,3.1581144041858873,398409
2444,2017-09-18,29.55,29.75,28.85,3.1151468612717936,247163
2445,2017-09-19,29.05,29.8,29.05,3.1312596898645784,345691
2446,2017-09-20,29.15,30.15,29.0,3.201081947099981,377934
2447,2017-09-21,29.8,30.2,29.15,3.1688562899144106,261000
2448,2017-09-22,29.5,30.05,29.5,3.2118238328285043,287923
2449,2017-09-25,29.9,30.25,29.75,3.2440494900140746,270442
2450,2017-09-26,30.0,30.2,29.4,3.217194775692766,407010
2451,2017-09-27,30.1,30.7,29.85,3.281646090063907,454333
2452,2017-09-28,30.55,30.82,29.92,3.2225657185570276,443538
2453,2017-09-29,30.0,30.58,29.85,3.270904204335383,429582
2454,2017-10-02,30.5,31.0,30.08,3.254791375742598,568618
2455,2017-10-03,30.25,30.85,30.0,3.2977589186566916,526620
2456,2017-10-04,30.7,31.05,30.05,3.2333076042855513,319968
2457,2017-10-05,30.15,30.82,30.05,3.265533261471121,340133
2458,2017-10-06,30.25,30.85,30.25,3.2923879757924297,446813
2459,2017-10-09,30.65,30.9,29.9,3.217194775692766,305076
2460,2017-10-10,30.0,30.52,29.85,3.2440494900140746,230995
2461,2017-10-11,30.05,30.8,30.05,3.2440494900140746,465093
2462,2017-10-12,30.15,30.5,29.8,3.254791375742598,326497
2463,2017-10-13,30.45,30.45,29.6,3.2279366614212894,486491
2464,2017-10-16,29.9,30.3,29.4,3.201081947099981,356842
2465,2017-10-17,29.65,31.1,29.6,3.329984575842262,538134
2466,2017-10-18,30.75,31.4,29.95,3.351468347299309,697542
2467,2017-10-19,31.3,32.08,31.0,3.4320324902632344,559515
2468,2017-10-20,32.1,32.85,31.65,3.4266615473989726,559840
2469,2017-10-23,31.95,32.4,31.48,3.405177775941926,343755
2470,2017-10-24,31.6,32.3,31.45,3.405177775941926,314319
2471,2017-10-25,31.6,31.65,30.65,3.313871747249477,645575
2472,2017-10-26,31.15,32.25,30.95,3.399806833077664,844145
2473,2017-10-27,32.3,33.75,31.95,3.485741918905852,992745
2474,2017-10-30,32.2,32.2,30.85,3.4159196616704497,631692
2475,2017-10-31,31.95,32.1,31.35,3.405177775941926,683013
2476,2017-11-01,31.95,31.95,31.3,3.3783230616206175,455225
2477,2017-11-02,31.4,31.95,30.98,3.3729521187563556,420493
2478,2017-11-03,31.35,31.85,31.2,3.3890649473491408,392535
2479,2017-11-06,31.6,31.8,31.3,3.3836940044848793,510308
2480,2017-11-07,31.35,31.52,30.1,3.2333076042855513,468796
2481,2017-11-08,30.0,30.84,30.0,3.281646090063907,387390
2482,2017-11-09,30.4,30.85,30.15,3.2923879757924297,248992
2483,2017-11-10,30.55,31.35,30.45,3.351468347299309,554061
2484,2017-11-13,31.0,32.05,31.0,3.3944358902134026,362513
2485,2017-11-14,32.7,33.78,32.5,3.550193233276992,703087
2486,2017-11-15,32.95,33.92,32.35,3.6200154905123947,614580
2487,2017-11-16,33.75,33.95,33.4,3.625386433376656,399840
2488,2017-11-17,33.5,34.28,33.5,3.673724919155012,604770
2489,2017-11-20,34.1,34.55,33.25,3.6683539762907498,649124
2490,2017-11-21,34.2,34.7,33.5,3.652241147697965,487315
2491,2017-11-22,34.1,34.35,33.55,3.6178671133666898,226645
2492,2017-11-24,33.8,33.92,33.35,3.5877898333268243,149888
2493,2017-11-27,33.5,33.8,33.1,3.5985317190553476,264691
2494,2017-11-28,33.7,34.7,33.6,3.7220634049333667,350839
2495,2017-11-29,34.8,35.65,34.75,3.829482262218601,284524
2496,2017-11-30,35.8,35.95,35.1,3.840224147947125,460054
2497,2017-12-01,35.7,35.75,35.0,3.818740376490078,415170
2498,2017-12-04,35.7,37.7,35.7,4.001352433874976,855760
2499,2017-12-05,37.4,37.65,36.8,3.9959814910107148,290604
2500,2017-12-06,37.2,37.6,36.2,3.910046405182527,219109
2501,2017-12-07,36.25,36.85,35.41,3.8831916908612185,300440
2502,2017-12-08,36.25,36.9,35.85,3.9476430052323592,293337
2503,2017-12-11,36.7,36.8,36.3,3.9369011195038355,379291
2504,2017-12-12,36.65,37.02,36.4,3.910046405182527,315472
2505,2017-12-13,36.65,37.45,36.6,3.979868662417929,311409
2506,2017-12-14,37.25,37.65,36.9,3.9691267766894063,323869
2507,2017-12-15,37.0,37.15,36.25,3.9046754623182656,914704
2508,2017-12-18,36.65,37.15,36.05,3.877820747996957,339316
2509,2017-12-19,36.3,36.95,36.2,3.942272062368098,279755
2510,2017-12-20,36.9,37.2,35.75,3.850966033675648,287095
2511,2017-12-21,35.85,36.7,35.85,3.915417348046789,366631
2512,2017-12-22,36.5,36.75,36.25,3.9046754623182656,252997
2513,2017-12-26,36.45,37.45,36.32,3.942272062368098,208360
2514,2017-12-27,36.65,37.35,36.65,3.9691267766894063,182624
2515,2017-12-28,36.9,37.15,36.75,3.963755833825144,141850
2516,2017-12-29,36.85,37.15,36.4,3.910046405182527,279741
2517,2018-01-02,36.85,37.28,36.55,3.9476430052323592,373868
2518,2018-01-03,38.85,40.35,38.5,4.194706376988398,1055816
2519,2018-01-04,39.1,39.65,38.15,4.205448262716921,356615
2520,2018-01-05,39.3,39.4,38.15,4.167851662667089,346605
2521,2018-01-08,38.6,38.75,36.5,3.979868662417929,474930
2522,2018-01-09,37.05,37.3,36.6,3.9476430052323592,309160
2523,2018-01-10,36.75,37.45,36.16,3.979868662417929,385200
2524,2018-01-11,37.1,37.75,36.95,4.055061862517594,269316
2525,2018-01-12,37.75,38.0,37.15,4.049690919653332,308533
2526,2018-01-16,37.85,38.0,36.2,3.893933576589742,407113
